k,u_mean,v_mean,amplitude_u,amplitude_v,rel_amplitude_u,peak_decay_ratio,n_peaks,re_max,stability,status
0.0,11.407464198576445,13.069206009423658,2.945784061125778e-08,4.832881117522447e-08,2.5823303144737344e-09,1.000000029487229,5,-0.627988391909258,stable_node,coexist
0.005,10.13144102662047,11.495443927223391,2.232607023699984e-07,2.279360078460968e-07,2.2036421253736612e-08,1.0000000694002134,9,-0.795602177583164,stable_focus,coexist
0.01,9.215719449360567,10.366053981393893,2.0106036657807635e-07,2.3769490020697503e-07,2.1817110176029386e-08,0.9999997913312219,11,-0.7418878584945761,stable_focus,coexist
0.015,8.513017518573472,9.499388282315037,1.839285754812181e-07,2.3221050682309397e-07,2.1605567600434008e-08,1.0000000260513957,9,-0.7006155521760926,stable_focus,coexist
0.02,7.950058858267194,8.805072593275149,1.7177653344191413e-07,2.741256501792577e-07,2.1606951156504366e-08,0.9999999821200997,7,-0.667440830246665,stable_focus,coexist
0.025,7.485205630558364,8.231753611679993,1.8559759062952708e-07,2.344262419740062e-07,2.4795256107838187e-08,1.0000000503758972,6,-0.6399243670686023,stable_focus,coexist
0.03,7.092617331170552,7.7475613618480335,1.488060306087391e-07,1.4994439911930613e-07,2.098041155481039e-08,0.9999999072835741,6,-0.6165643666899114,stable_focus,coexist
0.035,6.755210221335268,7.331425941982587,1.6096333421700137e-07,1.9097427550462953e-07,2.3828027395598144e-08,1.0000000901104116,5,-0.5963735273663222,stable_focus,coexist
0.04,6.461137161900674,6.96873584038426,1.9849447507880313e-07,1.6969668603650234e-07,3.072129102122512e-08,1.0000000530430118,4,-0.5786699564297786,stable_focus,coexist
0.045,6.201868739156157,6.648971439860464,1.5434337008457533e-07,1.704954177839113e-07,2.488659089317903e-08,1.0000001322277172,4,-0.5629641842176615,stable_focus,coexist
0.05,5.971075714916916,6.364326719956565,1.7023256138060106e-07,1.6355318699368127e-07,2.850952985830121e-08,1.0000000130885542,3,-0.548893796648584,stable_focus,coexist
0.055,5.763943006640252,6.108863031559306,1.522023174160836e-07,1.3624742845053106e-07,2.6405937262173047e-08,0.9999999561407912,3,-0.5361835169773268,stable_focus,coexist
0.06,5.576729943574018,5.877966920037113,1.2863057641254727e-07,1.4299846551324435e-07,2.3065591791972343e-08,0.9999999862245336,3,-0.5246197330353175,stable_focus,coexist
0.065,5.406478275325697,5.667989873347252,1.459973848483287e-07,1.3112460361952571e-07,2.7004156386725427e-08,0.9999999781412613,2,-0.514033637893541,stable_focus,coexist
0.07,5.250812222799954,5.4760017369708365,1.140024625811975e-07,1.5884862136772426e-07,2.1711395826759652e-08,1.0000001636125722,3,-0.5042897217925104,stable_focus,coexist
0.075,5.107797999380635,5.2996175205316876,1.6602585617420118e-07,1.490184571295572e-07,3.2504389600828626e-08,0.9999998708651532,3,-0.49527770646319313,stable_focus,coexist
0.08,4.975842883727736,5.136872878711383,1.67664107486587e-07,1.528711432996488e-07,3.369561929595707e-08,1.000000234539107,4,-0.48690676115126363,stable_focus,coexist
0.085,4.853621258221757,4.986132898954925,1.2108697777790667e-07,1.2453624886887837e-07,2.4947759896343836e-08,1.000000236826163,2,-0.4791012708614373,stable_focus,coexist
0.09,4.740019449417946,4.846024004031811,1.1669391852819899e-07,8.919917604544025e-08,2.461886913618646e-08,1.000000487576077,4,-0.4717976849422902,stable_focus,coexist
0.095,4.634093869279876,4.715382448734808,8.507595250506483e-08,8.175790977560382e-08,1.835870288883151e-08,1.0000004121416761,4,-0.4649421329301368,stable_focus,coexist
0.1,4.535038968748085,4.593214711368203,5.1408813206421655e-08,3.0570875608759707e-08,1.1335914324152599e-08,0.9999999606065569,4,-0.4584885952058392,stable_focus,coexist
0.105,4.442162222142299,4.478666728843691,9.18801887905829e-08,5.297250638136575e-08,2.0683663539480625e-08,1.000000384879508,5,-0.45239748138102,stable_focus,coexist
0.11,4.354864585927435,4.370999632840663,8.292488740124782e-08,4.0211819651858605e-08,1.9041898034950654e-08,0.9999998220323436,4,-0.44663451272734256,stable_focus,coexist
0.115,4.272624756717879,4.269570503482274,5.097485988869721e-08,1.2542597627174246e-07,1.193057260845317e-08,1.0000002222735944,4,-0.44116983435215706,stable_focus,coexist
0.12,4.194986740967074,4.173816959099153,6.723987411305643e-08,1.1035102875922576e-07,1.602862613519383e-08,0.9999998693132647,4,-0.4359773030874669,stable_focus,coexist
0.125,4.12154965689419,4.083244567349819,7.736174989503297e-08,1.2891459189035004e-07,1.8770063770948043e-08,0.999999749611744,5,-0.43103391126027973,stable_focus,coexist
0.13,4.051959469234286,3.9974166755646547,1.206872930481495e-07,9.01152810151018e-08,2.9784921089291212e-08,0.9999998423320647,5,-0.4263193166145343,stable_focus,coexist
0.135,3.985902198677125,3.915946046921603,1.1840271429974791e-07,1.135807967678204e-07,2.970537368905951e-08,0.9999995049440482,4,-0.4218154559399164,stable_focus,coexist
0.14,3.923098272727495,3.8384878738135586,7.607284358002175e-08,1.031140683949161e-07,1.939101146378698e-08,0.9999996891958707,4,-0.4175062252831957,stable_focus,coexist
0.145,3.863297828545865,3.7647339958398662,1.127678301848789e-07,7.947980629197104e-08,2.9189525423496644e-08,0.9999996127048596,4,-0.41337721354880136,stable_focus,coexist
0.15,3.8062768138572642,3.694408079396526,1.0231419178552414e-07,1.2709952468270558e-07,2.6880386474529526e-08,0.9999998967453526,4,-0.40941547923128974,stable_focus,coexist
0.155,3.7518336274438244,3.6272614808409926,8.246807992051686e-08,9.549624779836563e-08,2.198074011525492e-08,0.9999996457019434,4,-0.4056093622373154,stable_focus,coexist
0.16,3.6997863321561884,3.56306981725023,1.2748369160320294e-07,7.316210437480208e-08,3.445704161215901e-08,0.9999996872673286,4,-0.4019483244415244,stable_focus,coexist
0.165,3.649970289619633,3.501630023005472,1.1939898048041186e-07,7.54613860287634e-08,3.271231571938482e-08,0.9999997817986446,3,-0.3984228139164252,stable_focus,coexist
0.17,3.6022360577759738,3.442757806002546,7.79724351751554e-08,1.2849982411466954e-07,2.164556512248553e-08,0.999999890477417,6,-0.3950241487799745,stable_focus,coexist
0.17500000000000002,3.556447685472173,3.386285480008382,9.460957128837322e-08,8.73149805791229e-08,2.6602267109072444e-08,0.9999999582297552,4,-0.39174441738783894,stable_focus,coexist
0.18,3.51248117472664,3.3320601141167745,9.997077254908504e-08,6.817705644479588e-08,2.8461582447303878e-08,0.9999996385903077,4,-0.38857639221312,stable_focus,coexist
