series,model,rmse_normalized_total,rmse_normalized_prey,rmse_normalized_predator,rmse_raw_total,rmse_raw_prey,rmse_raw_predator,optimization_status,usable_for_comparison,success,termination_reason,objective_value,parameter_bound_hits,source_file,detection_method,confidence,time_col,prey_col,predator_col,group_key,K,a,c,d,delta,e,k,m,m0,mu,p,phi,q,r,theta,u0,u_scale,v0,v_scale,x0,y0
lynxhare,baseline,0.5180776492503724,0.34746541804383424,0.6450400643132234,25191.41105728718,35625.97677745237,64.50400643132232,failed,False,True,CONVERGENCE: NORM OF PROJECTED GRADIENT <= PGTOL,120000000000000.0,,D:\code\USTC_MM_26_animalfear\data\raw\03_hudson_bay_lynx_hare\lynxhare.csv,lynx_hare_signature,0.95,year,hare,lynx,,51778.155000000006,0.04325,,,,0.51,,,,0.4,,,,1.0,0.005199999999999999,,,,,30.0,4.0
lynxhare,fear_memory,0.2620564294088813,0.34741655251685055,0.12903055229816845,25187.828649643267,35620.9665461052,12.903055229816847,success,True,True,Optimization terminated successfully.,8.240828663343837,,D:\code\USTC_MM_26_animalfear\data\raw\03_hudson_bay_lynx_hare\lynxhare.csv,lynx_hare_signature,0.95,year,hare,lynx,,55603.26282145543,0.02378590546574054,,,1.0,0.51,,,4.0,0.4,,2.6918594494004767e-05,,0.3731389150871139,1.0299092388473053e-08,,,,,30.0,4.0
lynxhare,bda_fear,0.1909927442212431,0.19868869586589666,0.18297338283321868,14405.008857869812,20371.750675826246,18.29733828332187,usable_limit,True,False,Maximum number of iterations has been exceeded.,4.377387401419343,,D:\code\USTC_MM_26_animalfear\data\raw\03_hudson_bay_lynx_hare\lynxhare.csv,lynx_hare_signature,0.95,year,hare,lynx,,,0.8497580550855133,0.10276922611125215,0.021590871510908285,,,0.1283255570412057,0.0629353599370571,,,4.965573987062407,,0.010795073784668823,1.067004653954152,,0.0002925944348538491,102531.0,0.04,100.0,,
glerl_m110_zoop_1994-201,baseline,0.18195945655059673,0.1455406655575301,0.21221781811489857,7.727301955127306,10.907836261540206,0.6644539885177474,success,True,True,CONVERGENCE: NORM OF PROJECTED GRADIENT <= PGTOL,11.588235339865975,,D:\code\USTC_MM_26_animalfear\data\raw\04_lake_michigan_zooplankton\GLERL_M110_Zoop_1994-2012.txt,zooplankton_glerl,0.93,JulianDay,D.mendotae,Bythotrephes,,100.00000000000004,0.04325,,,,0.51,,,,0.4,,,,1.0,0.005199999999999999,,,,,0.0,0.0
glerl_m110_zoop_1994-201,fear_memory,0.18195945655059673,0.1455406655575301,0.21221781811489857,7.727301955127306,10.907836261540206,0.6644539885177474,success,True,True,Optimization terminated successfully.,11.588235339865975,,D:\code\USTC_MM_26_animalfear\data\raw\04_lake_michigan_zooplankton\GLERL_M110_Zoop_1994-2012.txt,zooplankton_glerl,0.93,JulianDay,D.mendotae,Bythotrephes,,55.486889334115034,0.03378917743850408,,,1.0,0.51,,,0.0,0.4,,0.0029921939167326488,,0.3433153961268165,5.123127256974712e-07,,,,,0.0,0.0
glerl_m110_zoop_1994-201,bda_fear,0.18195945655059673,0.1455406655575301,0.21221781811489857,7.727301955127306,10.907836261540206,0.6644539885177474,success,True,True,Optimization terminated successfully.,11.588235339865975,,D:\code\USTC_MM_26_animalfear\data\raw\04_lake_michigan_zooplankton\GLERL_M110_Zoop_1994-2012.txt,zooplankton_glerl,0.93,JulianDay,D.mendotae,Bythotrephes,,,0.005618778798128722,1.4825312495817657,0.0798411187288086,,,0.004013029535007215,0.14209753714683163,,,0.6286158991490101,,0.2179576784107185,0.369223774784169,,0.0,74.947,0.0,3.131,,
andren_lynx_roedeer_data_1,baseline,0.13436118855885523,0.17135901234473927,0.08210935921155392,26.368304819133808,37.28889277176977,0.33685890958586234,usable_limit,True,False,"STOP: TOTAL NO. OF F,G EVALUATIONS EXCEEDS LIMIT",0.866540591565516,K,D:\code\USTC_MM_26_animalfear\data\raw\01_lynx_roe_deer\Andren_lynx_roedeer_data.csv,lynx_roe_by_region,0.92,year,roe_deer_harvest_mean,lynx_family_groups,1,108.80341880341885,0.5179999775358706,,,,0.51,,,,0.4,,,,1.9023572550515278,0.8256458219838075,,,,,217.60683760683762,4.102564102564103
andren_lynx_roedeer_data_1,fear_memory,0.08763055692501094,0.09457308467156571,0.08008845528339292,14.55393524085758,20.579749878103105,0.3285680216754582,usable_limit,True,False,Maximum number of iterations has been exceeded.,0.36859749633540395,,D:\code\USTC_MM_26_animalfear\data\raw\01_lynx_roe_deer\Andren_lynx_roedeer_data.csv,lynx_roe_by_region,0.92,year,roe_deer_harvest_mean,lynx_family_groups,1,136.02408189387347,0.006922902253989954,,,1.0,0.51,,,4.102564102564103,0.4,,0.1758655858871518,,0.606289693620939,6.892267210235792e-06,,,,,217.60683760683762,4.102564102564103
andren_lynx_roedeer_data_1,bda_fear,0.06453171287099745,0.05673932600789792,0.0714795972029725,8.733014316216002,12.34686530052206,0.2932496295506565,usable_limit,True,False,Maximum number of iterations has been exceeded.,0.19988841437111318,,D:\code\USTC_MM_26_animalfear\data\raw\01_lynx_roe_deer\Andren_lynx_roedeer_data.csv,lynx_roe_by_region,0.92,year,roe_deer_harvest_mean,lynx_family_groups,1,,0.8493187117506393,0.13739593789352514,0.03151023390497852,,,0.019939136426814996,0.13710945252804682,,,1.8048935733789369,,0.07269401443986004,0.8547222775967415,,1.0,217.60683760683762,1.0,4.102564102564103,,
andren_lynx_roedeer_data_2,baseline,4.160112829801161,0.40788205233794844,5.8691319413294005,24.703900591079826,34.0578131595617,7.78657637323967,success,True,True,CONVERGENCE: RELATIVE REDUCTION OF F <= FACTR*EPSMCH,830.7138603204587,,D:\code\USTC_MM_26_animalfear\data\raw\01_lynx_roe_deer\Andren_lynx_roedeer_data.csv,lynx_roe_by_region,0.92,year,roe_deer_harvest_mean,lynx_family_groups,2,62.99401350223262,0.3948895663471715,,,,0.51,,,,0.4,,,,0.1010917400496998,4.5596154832734056e-07,,,,,83.49917081260365,1.2023217247097844
andren_lynx_roedeer_data_2,fear_memory,0.1236508080926924,0.11351445253372187,0.13301696790229844,6.703376077639731,9.478362661812433,0.17647358925678067,usable_limit,True,False,Maximum number of iterations has been exceeded.,0.7338970724148406,,D:\code\USTC_MM_26_animalfear\data\raw\01_lynx_roe_deer\Andren_lynx_roedeer_data.csv,lynx_roe_by_region,0.92,year,roe_deer_harvest_mean,lynx_family_groups,2,44.33302074545799,0.01938227664996148,,,1.0,0.51,,,1.2023217247097844,0.4,,0.1865111310146472,,2.688218336554184,6.759131690191647e-07,,,,,83.49917081260365,1.2023217247097844
andren_lynx_roedeer_data_2,bda_fear,0.1022641348411631,0.07400608030382694,0.12425379924850065,4.371082919094043,6.179446340460507,0.16484749485704894,usable_limit,True,False,Maximum number of iterations has been exceeded.,0.5019817571909564,,D:\code\USTC_MM_26_animalfear\data\raw\01_lynx_roe_deer\Andren_lynx_roedeer_data.csv,lynx_roe_by_region,0.92,year,roe_deer_harvest_mean,lynx_family_groups,2,,0.6552119245148338,0.2763845593647259,0.12144856895291069,,,0.015807117016863458,0.10050443672066095,,,1.1173691659343357,,0.25407611522191775,0.7553443302912184,,1.0,83.49917081260365,0.90625,1.3266998341625207,,
andren_lynx_roedeer_data_3,baseline,0.19352474978710468,0.19585481353367856,0.19116628776018785,38.239111237383696,54.077359457140915,0.3137683750471169,usable_limit,True,False,"STOP: TOTAL NO. OF F,G EVALUATIONS EXCEEDS LIMIT",1.7976877814477508,K,D:\code\USTC_MM_26_animalfear\data\raw\01_lynx_roe_deer\Andren_lynx_roedeer_data.csv,lynx_roe_by_region,0.92,year,roe_deer_harvest_mean,lynx_family_groups,3,138.05471124620064,0.0366695532920519,,,,0.51,,,,0.4,,,,0.39505808788605884,0.042779210304337754,,,,,276.1094224924012,1.033434650455927
andren_lynx_roedeer_data_3,fear_memory,0.14465793984209158,0.14357856831427795,0.1457293170214511,28.032624078019374,39.643395579541064,0.2391909762662115,usable_limit,True,False,Maximum number of iterations has been exceeded.,1.004444138849193,,D:\code\USTC_MM_26_animalfear\data\raw\01_lynx_roe_deer\Andren_lynx_roedeer_data.csv,lynx_roe_by_region,0.92,year,roe_deer_harvest_mean,lynx_family_groups,3,145.21907914998326,0.005432411966226899,,,1.0,0.51,,,1.033434650455927,0.4,,0.1767375710558878,,0.3396108022157673,1.5133511527685865e-06,,,,,276.1094224924012,1.033434650455927
andren_lynx_roedeer_data_3,bda_fear,0.12209095978936979,0.08565130069882203,0.14992084449194848,16.723366227498623,23.649131171674753,0.24607068700806128,usable_limit,True,False,Maximum number of iterations has been exceeded.,0.7154977181898966,,D:\code\USTC_MM_26_animalfear\data\raw\01_lynx_roe_deer\Andren_lynx_roedeer_data.csv,lynx_roe_by_region,0.92,year,roe_deer_harvest_mean,lynx_family_groups,3,,0.2370956664372029,0.34884172156432564,1.0839002981693462,,,0.002056908082119963,0.1019077502359492,,,1.176738155165624,,0.013486799777300055,1.511415538929359,,1.0,276.1094224924012,0.6296296296296297,1.6413373860182372,,
andren_lynx_roedeer_data_4,baseline,5.300822119633198,0.23051743913593625,7.492949485899354,105.12879439739731,146.0074460014635,28.034845015269692,success,True,True,CONVERGENCE: RELATIVE REDUCTION OF F <= FACTR*EPSMCH,1292.5408966236591,K,D:\code\USTC_MM_26_animalfear\data\raw\01_lynx_roe_deer\Andren_lynx_roedeer_data.csv,lynx_roe_by_region,0.92,year,roe_deer_harvest_mean,lynx_family_groups,4,316.6950113378686,0.0998165234169477,,,,0.51,,,,0.4,,,,0.5673403692134624,0.021096478526739716,,,,,633.390022675737,1.7006802721088434
andren_lynx_roedeer_data_4,fear_memory,0.10118454002390236,0.12631972324708307,0.06723057190354502,56.57564735168785,80.00965237186276,0.251542956101699,usable_limit,True,False,Maximum number of iterations has been exceeded.,0.47096231243304004,,D:\code\USTC_MM_26_animalfear\data\raw\01_lynx_roe_deer\Andren_lynx_roedeer_data.csv,lynx_roe_by_region,0.92,year,roe_deer_harvest_mean,lynx_family_groups,4,318.7741192712283,0.002913422547812341,,,1.0,0.51,,,1.7006802721088434,0.4,,0.18691864132296815,,0.29970440905349865,5.765949049689116e-05,,,,,633.390022675737,1.7006802721088434
andren_lynx_roedeer_data_4,bda_fear,0.0541437205137493,0.036707160876163505,0.0671987297688985,16.44115816808535,23.249949459715125,0.2514238188632256,usable_limit,True,False,Maximum number of iterations has been exceeded.,0.13485095366926592,,D:\code\USTC_MM_26_animalfear\data\raw\01_lynx_roe_deer\Andren_lynx_roedeer_data.csv,lynx_roe_by_region,0.92,year,roe_deer_harvest_mean,lynx_family_groups,4,,0.3821354354249806,1.968669738736218,0.06934092082493519,,,0.00043605969784964605,0.29347492815241755,,,0.6671681472007347,,0.00453907975811765,0.30900311802670594,,1.0,633.390022675737,0.45454545454545453,3.7414965986394555,,
andren_lynx_roedeer_data_5,baseline,0.39970382522544207,0.28278336749171384,0.489448529336587,286.0543296687857,404.5382130616924,1.7300917228545263,success,True,True,CONVERGENCE: RELATIVE REDUCTION OF F <= FACTR*EPSMCH,7.349104803393133,K,D:\code\USTC_MM_26_animalfear\data\raw\01_lynx_roe_deer\Andren_lynx_roedeer_data.csv,lynx_roe_by_region,0.92,year,roe_deer_harvest_mean,lynx_family_groups,5,715.2793614595214,1.3007070059790986e-05,,,,0.51,,,,0.4,,,,0.6664250479341692,0.8849405373510011,,,,,1430.5587229190423,0.6271379703534778
andren_lynx_roedeer_data_5,fear_memory,0.1381397045218317,0.14050424820480098,0.1357339757288558,142.1285694440894,200.99957787656024,0.4797894238990342,usable_limit,True,False,Maximum number of iterations has been exceeded.,0.8777985864074325,,D:\code\USTC_MM_26_animalfear\data\raw\01_lynx_roe_deer\Andren_lynx_roedeer_data.csv,lynx_roe_by_region,0.92,year,roe_deer_harvest_mean,lynx_family_groups,5,766.4315334598011,0.0013883469852514457,,,1.0,0.51,,,0.6271379703534778,0.4,,0.19298806671196808,,0.21300328405242308,4.0371590160725744e-10,,,,,1430.5587229190423,0.6271379703534778
andren_lynx_roedeer_data_5,bda_fear,0.08117665903192431,0.05214823198767842,0.10227346598081964,52.75156884048888,74.60110815477921,0.36151396184782314,usable_limit,True,False,Maximum number of iterations has been exceeded.,0.3031238986929238,,D:\code\USTC_MM_26_animalfear\data\raw\01_lynx_roe_deer\Andren_lynx_roedeer_data.csv,lynx_roe_by_region,0.92,year,roe_deer_harvest_mean,lynx_family_groups,5,,0.31594046636616974,1.9796444482477884,0.06093104729209595,,,0.07500642347653763,0.20758468119984336,,,0.6567344905263165,,0.05594873671943823,0.2822074194544687,,1.0,1430.5587229190423,0.1774193548387097,3.5347776510832385,,
andren_lynx_roedeer_data_6,baseline,0.4414873604783714,0.17263834261223965,0.600015151129051,139.27857183467887,196.96531174499452,1.306565655724902,success,True,True,CONVERGENCE: RELATIVE REDUCTION OF F <= FACTR*EPSMCH,7.796443578486379,K,D:\code\USTC_MM_26_animalfear\data\raw\01_lynx_roe_deer\Andren_lynx_roedeer_data.csv,lynx_roe_by_region,0.92,year,roe_deer_harvest_mean,lynx_family_groups,6,570.4564489112227,0.0073924539866756095,,,,0.51,,,,0.4,,,,0.8906778026120897,0.01752259719496456,,,,,1140.9128978224455,0.29313232830820773
andren_lynx_roedeer_data_6,fear_memory,0.15580950715165953,0.09238752173922314,0.20004437223918764,74.5340152713717,105.40611515013124,0.4356075107385995,usable_limit,True,False,Maximum number of iterations has been exceeded.,0.9710641007537216,,D:\code\USTC_MM_26_animalfear\data\raw\01_lynx_roe_deer\Andren_lynx_roedeer_data.csv,lynx_roe_by_region,0.92,year,roe_deer_harvest_mean,lynx_family_groups,6,628.6460416567743,0.0014167988479956393,,,1.0,0.51,,,0.29313232830820773,0.4,,0.1960566839132241,,0.17178644510855628,4.482927525778293e-06,,,,,1140.9128978224455,0.29313232830820773
andren_lynx_roedeer_data_6,bda_fear,0.11273524282748792,0.083485642583145,0.13582568767808506,67.352137007653,95.24984640610495,0.29576782911475813,usable_limit,True,False,Maximum number of iterations has been exceeded.,0.5083693990149069,,D:\code\USTC_MM_26_animalfear\data\raw\01_lynx_roe_deer\Andren_lynx_roedeer_data.csv,lynx_roe_by_region,0.92,year,roe_deer_harvest_mean,lynx_family_groups,6,,0.28214780175483933,2.359485231735676,0.20476150170786117,,,0.0010873182857965309,0.3738536249118585,,,0.7571978009559363,,1.0241154699014716,0.5128753875076837,,1.0,1140.9128978224455,0.1346153846153846,2.1775544388609718,,
andren_lynx_roedeer_data_7,baseline,40.773795062794754,0.6068202094129039,57.65966091540098,542.194333277854,764.6075814300785,57.65966091540098,success,True,True,CONVERGENCE: RELATIVE REDUCTION OF F <= FACTR*EPSMCH,59850.085097620286,K,D:\code\USTC_MM_26_animalfear\data\raw\01_lynx_roe_deer\Andren_lynx_roedeer_data.csv,lynx_roe_by_region,0.92,year,roe_deer_harvest_mean,lynx_family_groups,7,630.0116324156647,0.04861754706811664,,,,0.51,,,,0.4,,,,0.9900339505794082,0.005056819120522336,,,,,1260.02326483133,0.07754943776657619
andren_lynx_roedeer_data_7,fear_memory,0.15135326154658377,0.10526268102502463,0.18637432104504392,93.78608824292097,132.63342701005044,0.18637432104504392,usable_limit,True,False,Maximum number of iterations has been exceeded.,0.8246811521083893,K,D:\code\USTC_MM_26_animalfear\data\raw\01_lynx_roe_deer\Andren_lynx_roedeer_data.csv,lynx_roe_by_region,0.92,year,roe_deer_harvest_mean,lynx_family_groups,7,631.0630086320483,0.001160335661257343,,,1.0,0.51,,,0.07754943776657619,0.4,,8.855327402137662e-05,,0.08465677593131475,6.956820348181958e-07,,,,,1260.02326483133,0.07754943776657619
andren_lynx_roedeer_data_7,bda_fear,0.10024092399931588,0.09083222096294324,0.10883930045444197,80.92891088461249,114.4507116096085,0.10883930045444197,usable_limit,True,False,Maximum number of iterations has been exceeded.,0.3617367423925183,,D:\code\USTC_MM_26_animalfear\data\raw\01_lynx_roe_deer\Andren_lynx_roedeer_data.csv,lynx_roe_by_region,0.92,year,roe_deer_harvest_mean,lynx_family_groups,7,,0.22558710052884468,2.087432371913025,0.1862291957129763,,,0.13804611112538254,0.27597206331140245,,,0.3930420709503898,,0.06872599828336176,0.4580780536591374,,1.0,1260.02326483133,0.07754943776657619,1.0,,
timeserieslogmeans_WRHW,baseline,0.5237249331237059,0.14516130806507635,0.7262945723270252,48010.5209914305,67897.04493725298,107.42683942099437,failed,False,True,CONVERGENCE: NORM OF PROJECTED GRADIENT <= PGTOL,124000000000000.0,,D:\code\USTC_MM_26_animalfear\data\raw\02_killifish_mosquitofish\TimeSeriesLogMeans.csv,killifish_by_site,0.9,DATESEQ,ME2LOGHETADS,ME4LOGGAMBO,WRHW,236206.246350035,0.04325,,,,0.51,,,,0.4,,,,1.0,0.005199999999999999,,,,,288.40315031266056,1.6982436524617444
timeserieslogmeans_WRHW,fear_memory,0.1794825336068499,0.14493487698563132,0.20837908045921485,47935.57633341371,67791.13516431693,30.821524582600244,usable_limit,True,False,Maximum number of iterations has been exceeded.,3.9945335038718173,,D:\code\USTC_MM_26_animalfear\data\raw\02_killifish_mosquitofish\TimeSeriesLogMeans.csv,killifish_by_site,0.9,DATESEQ,ME2LOGHETADS,ME4LOGGAMBO,WRHW,20384400.338261742,0.002140827142018679,,,1.0,0.51,,,1.6982436524617444,0.4,,0.06992025388380586,,0.08981826875874276,2.901710004142965e-07,,,,,288.40315031266056,1.6982436524617444
timeserieslogmeans_WRHW,bda_fear,0.1740596857669163,0.14215727898844763,0.20095983790089986,47016.91695342927,66491.9549726652,29.724138192414415,usable_limit,True,False,Maximum number of iterations has been exceeded.,3.7568000019504275,,D:\code\USTC_MM_26_animalfear\data\raw\02_killifish_mosquitofish\TimeSeriesLogMeans.csv,killifish_by_site,0.9,DATESEQ,ME2LOGHETADS,ME4LOGGAMBO,WRHW,,0.0008800767244554028,2.689728639755261,0.06496489854951414,,,0.014807844327325792,0.16826714485205774,,,4.145012943837253,,0.8610795450901362,0.40394366402381654,,0.0006165950018614822,467735.1412871981,0.011481536214968828,147.91083881682073,,
timeserieslogmeans_TP,baseline,0.2035577150981551,0.1919646296957107,0.2145252145966809,39.41481995711471,55.36320395284627,6.4785579089085825,success,True,True,CONVERGENCE: NORM OF PROJECTED GRADIENT <= PGTOL,5.055160691869764,r;K;a,D:\code\USTC_MM_26_animalfear\data\raw\02_killifish_mosquitofish\TimeSeriesLogMeans.csv,killifish_by_site,0.9,DATESEQ,ME2LOGHETADS,ME4LOGGAMBO,TP,144.20157515633022,2.0,,,,0.51,,,,0.4,,,,0.010000000000000004,9.887715989765335e-06,,,,,1.0,8.31763771102671
timeserieslogmeans_TP,fear_memory,0.17093973993802453,0.1867268765536469,0.1535378225476642,38.2204411260939,53.852619446115035,4.636768113495981,usable_limit,True,False,Maximum number of iterations has been exceeded.,3.564888152189694,,D:\code\USTC_MM_26_animalfear\data\raw\02_killifish_mosquitofish\TimeSeriesLogMeans.csv,killifish_by_site,0.9,DATESEQ,ME2LOGHETADS,ME4LOGGAMBO,TP,160.3269326165578,0.1713517104742938,,,1.0,0.51,,,8.31763771102671,0.4,,0.0023107001804053904,,0.8677900751473913,1.9143396205237103e-10,,,,,1.0,8.31763771102671
timeserieslogmeans_TP,bda_fear,0.16503503287782473,0.14874085621709365,0.1798590610610854,30.57518558114703,42.897331513212286,5.431656808813161,usable_limit,True,False,Maximum number of iterations has been exceeded.,3.3228605733921315,k,D:\code\USTC_MM_26_animalfear\data\raw\02_killifish_mosquitofish\TimeSeriesLogMeans.csv,killifish_by_site,0.9,DATESEQ,ME2LOGHETADS,ME4LOGGAMBO,TP,,0.5623156665541755,0.15189499721757438,0.09966492219578363,,,0.00010054070158873376,0.06894016794547674,,,4.256999835003302,,0.004974375812088792,0.6427687749423979,,0.0034673685045253167,288.40315031266056,0.2754228703338167,30.19951720402016,,
timeserieslogmeans_WRGP,baseline,0.2527750185251885,0.29595984534416075,0.20049486258924246,1240.8138598573207,1742.7407717093042,205.16498787586443,failed,False,True,CONVERGENCE: NORM OF PROJECTED GRADIENT <= PGTOL,112000000000000.0,,D:\code\USTC_MM_26_animalfear\data\raw\02_killifish_mosquitofish\TimeSeriesLogMeans.csv,killifish_by_site,0.9,DATESEQ,ME2LOGHETADS,ME4LOGGAMBO,WRGP,2973.6604595457247,0.04325,,,,0.51,,,,0.4,,,,1.0,0.005199999999999999,,,,,190.54607179632464,6.760829753919817
timeserieslogmeans_WRGP,fear_memory,0.2114363029883621,0.25407171735568207,0.15766478009595963,1064.025517036654,1496.0851877019186,161.33726460168157,usable_limit,True,False,Maximum number of iterations has been exceeded.,5.006994744795282,,D:\code\USTC_MM_26_animalfear\data\raw\02_killifish_mosquitofish\TimeSeriesLogMeans.csv,killifish_by_site,0.9,DATESEQ,ME2LOGHETADS,ME4LOGGAMBO,WRGP,73645.77617829641,0.0020982518954221147,,,1.0,0.51,,,6.760829753919817,0.4,,0.05379865938958606,,0.07355115993504283,0.0008414089997385035,,,,,190.54607179632464,6.760829753919817
timeserieslogmeans_WRGP,bda_fear,0.20900834943529503,0.2505142394316677,0.15688083410444328,1049.2381229869936,1475.1372046556844,160.53505816223628,usable_limit,True,False,Maximum number of iterations has been exceeded.,4.892662894970636,,D:\code\USTC_MM_26_animalfear\data\raw\02_killifish_mosquitofish\TimeSeriesLogMeans.csv,killifish_by_site,0.9,DATESEQ,ME2LOGHETADS,ME4LOGGAMBO,WRGP,,0.09594547155488282,0.1812847915622288,0.22410593169961673,,,0.025855431439917267,0.05210856428185112,,,4.554071478888475,,0.6747075071594109,0.3273157871630532,,0.03235936569296281,5888.43655355589,0.0066069344800759626,1023.2929922807537,,
