series,study,pathway,fear_parameter,fear_strength,profile_rss,rmse_normalized_total,validation_rmse_normalized_total,optimization_status,profile_likelihood_ratio,inside_confidence_interval,confidence_level,likelihood_ratio_threshold
lynxhare,hudson_bay_lynx_hare,fear_instant,phi,0.0,9.604946940690247,0.31630923260662197,0.15486495357415922,success,0.0,True,0.95,3.841458820694124
lynxhare,hudson_bay_lynx_hare,fear_instant,phi,3.1581212105940303e-09,9.604946952292215,0.31630923279765943,0.15488055975163031,success,1.1595991360126919e-07,True,0.95,3.841458820694124
lynxhare,hudson_bay_lynx_hare,fear_instant,phi,1.05270707019801e-08,9.604946942716143,0.3163092326399803,0.15486699478045896,success,2.02485281853588e-08,True,0.95,3.841458820694124
lynxhare,hudson_bay_lynx_hare,fear_instant,phi,3.15812121059403e-08,9.60494694338459,0.31630923265098687,0.15486588360486117,success,2.692954125982128e-08,True,0.95,3.841458820694124
lynxhare,hudson_bay_lynx_hare,fear_instant,phi,9.47436363178209e-08,9.604946948158949,0.31630923272960126,0.154866718423855,success,7.464855397582954e-08,True,0.95,3.841458820694124
lynxhare,hudson_bay_lynx_hare,fear_instant,phi,3.15812121059403e-07,9.60494695178806,0.316309232789358,0.15484711802780474,success,1.1092095768803367e-07,True,0.95,3.841458820694124
lynxhare,hudson_bay_lynx_hare,fear_memory,phi,0.0,9.960500101963977,0.322110554616669,0.11087960796145047,success,0.0,True,0.95,3.841458820694124
lynxhare,hudson_bay_lynx_hare,fear_memory,phi,0.00865597316966196,9.960506962212783,0.32211066554273415,0.11087962496849674,success,6.611953736126667e-05,True,0.95,3.841458820694124
lynxhare,hudson_bay_lynx_hare,fear_memory,phi,0.028853243898873202,9.960522879196681,0.32211092291056936,0.1108796652372317,success,0.000219528318569666,True,0.95,3.841458820694124
lynxhare,hudson_bay_lynx_hare,fear_memory,phi,0.08655973169661961,9.96056889644203,0.3221116669799535,0.11087978483727276,success,0.0006630437245879741,True,0.95,3.841458820694124
lynxhare,hudson_bay_lynx_hare,fear_memory,phi,0.2,9.96066177078461,0.3221131686933538,0.11088003986364657,success,0.0015581628100126252,True,0.95,3.841458820694124
lynxhare,hudson_bay_lynx_hare,fear_saturating,phi,0.0,9.604946373544765,0.3163092232680303,0.1548738455467592,success,0.0,True,0.95,3.841458820694124
lynxhare,hudson_bay_lynx_hare,fear_saturating,phi,1.9248073398372676e-05,9.604946485638212,0.3163092251137559,0.15489313640507021,success,1.1203571978052799e-06,True,0.95,3.841458820694124
lynxhare,hudson_bay_lynx_hare,fear_saturating,phi,6.416024466124224e-05,9.604946714485866,0.31630922888195095,0.1548981082758449,success,3.407655174841512e-06,True,0.95,3.841458820694124
lynxhare,hudson_bay_lynx_hare,fear_saturating,phi,0.00019248073398372674,9.604947329666349,0.31630923901148456,0.15486836467819334,success,9.556291516757265e-06,True,0.95,3.841458820694124
lynxhare,hudson_bay_lynx_hare,fear_saturating,phi,0.0005774422019511802,9.60494925214122,0.3163092706668655,0.1548716626961761,success,2.8771135974864522e-05,True,0.95,3.841458820694124
lynxhare,hudson_bay_lynx_hare,fear_saturating,phi,0.0019248073398372674,9.604955978911015,0.31630938142951603,0.15487547743076258,success,9.600414858833823e-05,True,0.95,3.841458820694124
lynxhare,hudson_bay_lynx_hare,fear_foraging,psi,0.0,9.599145898565538,0.316213698485783,0.1551993340237806,usable_limit,9.037139347038236,False,0.95,3.841458820694124
lynxhare,hudson_bay_lynx_hare,fear_foraging,psi,0.017329061729534478,9.18757777935963,0.3093605262499772,0.09995373419956925,usable_limit,4.830246995104837,False,0.95,3.841458820694124
lynxhare,hudson_bay_lynx_hare,fear_foraging,psi,0.05776353909844826,9.604944614193498,0.31630919429863075,0.15486706490617774,success,9.09511415369026,False,0.95,3.841458820694124
lynxhare,hudson_bay_lynx_hare,fear_foraging,psi,0.17329061729534478,8.737876324132444,0.30169445643406556,0.14101522168085828,success,0.012472244660123474,True,0.95,3.841458820694124
lynxhare,hudson_bay_lynx_hare,fear_foraging,psi,0.2,8.736741179837939,0.30167485911708297,0.132877704003243,usable_limit,0.0,True,0.95,3.841458820694124
lynxhare,hudson_bay_lynx_hare,fear_handling,psi,0.0,9.219613731061347,0.3098994079243925,0.15651380790411876,usable_limit,2.5933657065894287,True,0.95,3.841458820694124
lynxhare,hudson_bay_lynx_hare,fear_handling,psi,0.016642977351194004,9.231217016368127,0.31009435755454823,0.11203206139631891,success,2.7141099214754325,True,0.95,3.841458820694124
lynxhare,hudson_bay_lynx_hare,fear_handling,psi,0.05547659117064668,9.203435004698282,0.30962738030134507,0.12413308691155135,success,2.4247553802102018,True,0.95,3.841458820694124
lynxhare,hudson_bay_lynx_hare,fear_handling,psi,0.16642977351194005,9.149582156862499,0.3087201766443484,0.1111279191357122,usable_limit,1.8613724569216146,True,0.95,3.841458820694124
lynxhare,hudson_bay_lynx_hare,fear_handling,psi,0.2,8.973887003226228,0.3057417040852292,0.06487191755979096,usable_limit,0.0,True,0.95,3.841458820694124
glerl_m110_zoop_1994-201,glerl_zooplankton,fear_instant,phi,0.0,10.69945080504674,0.1954797286261119,0.29628651205670775,success,0.0,True,0.95,3.841458820694124
glerl_m110_zoop_1994-201,glerl_zooplankton,fear_instant,phi,0.002,10.69945080504674,0.1954797286261119,0.29628651205670775,success,0.0,True,0.95,3.841458820694124
glerl_m110_zoop_1994-201,glerl_zooplankton,fear_instant,phi,0.006666666666666667,10.69945080504674,0.1954797286261119,0.29628651205670775,success,0.0,True,0.95,3.841458820694124
glerl_m110_zoop_1994-201,glerl_zooplankton,fear_instant,phi,0.02,10.69945080504674,0.1954797286261119,0.29628651205670775,success,0.0,True,0.95,3.841458820694124
glerl_m110_zoop_1994-201,glerl_zooplankton,fear_instant,phi,0.06,10.69945080504674,0.1954797286261119,0.29628651205670775,success,0.0,True,0.95,3.841458820694124
glerl_m110_zoop_1994-201,glerl_zooplankton,fear_instant,phi,0.2,10.69945080504674,0.1954797286261119,0.29628651205670775,success,0.0,True,0.95,3.841458820694124
glerl_m110_zoop_1994-201,glerl_zooplankton,fear_memory,phi,0.0,10.69945080504674,0.1954797286261119,0.29628651205670775,success,0.0,True,0.95,3.841458820694124
glerl_m110_zoop_1994-201,glerl_zooplankton,fear_memory,phi,0.002,10.69945080504674,0.1954797286261119,0.29628651205670775,success,0.0,True,0.95,3.841458820694124
glerl_m110_zoop_1994-201,glerl_zooplankton,fear_memory,phi,0.006666666666666667,10.69945080504674,0.1954797286261119,0.29628651205670775,success,0.0,True,0.95,3.841458820694124
glerl_m110_zoop_1994-201,glerl_zooplankton,fear_memory,phi,0.02,10.69945080504674,0.1954797286261119,0.29628651205670775,success,0.0,True,0.95,3.841458820694124
glerl_m110_zoop_1994-201,glerl_zooplankton,fear_memory,phi,0.06,10.69945080504674,0.1954797286261119,0.29628651205670775,success,0.0,True,0.95,3.841458820694124
glerl_m110_zoop_1994-201,glerl_zooplankton,fear_memory,phi,0.2,10.69945080504674,0.1954797286261119,0.29628651205670775,success,0.0,True,0.95,3.841458820694124
glerl_m110_zoop_1994-201,glerl_zooplankton,fear_saturating,phi,0.0,10.69945080504674,0.1954797286261119,0.29628651205670775,success,0.0,True,0.95,3.841458820694124
glerl_m110_zoop_1994-201,glerl_zooplankton,fear_saturating,phi,0.02,10.69945080504674,0.1954797286261119,0.29628651205670775,success,0.0,True,0.95,3.841458820694124
glerl_m110_zoop_1994-201,glerl_zooplankton,fear_saturating,phi,0.06666666666666667,10.69945080504674,0.1954797286261119,0.29628651205670775,success,0.0,True,0.95,3.841458820694124
glerl_m110_zoop_1994-201,glerl_zooplankton,fear_saturating,phi,0.2,10.69945080504674,0.1954797286261119,0.29628651205670775,success,0.0,True,0.95,3.841458820694124
glerl_m110_zoop_1994-201,glerl_zooplankton,fear_saturating,phi,0.6000000000000001,10.69945080504674,0.1954797286261119,0.29628651205670775,success,0.0,True,0.95,3.841458820694124
glerl_m110_zoop_1994-201,glerl_zooplankton,fear_saturating,phi,0.99,10.69945080504674,0.1954797286261119,0.29628651205670775,success,0.0,True,0.95,3.841458820694124
glerl_m110_zoop_1994-201,glerl_zooplankton,fear_foraging,psi,0.0,10.69945080504674,0.1954797286261119,0.29628651205670775,success,0.0,True,0.95,3.841458820694124
glerl_m110_zoop_1994-201,glerl_zooplankton,fear_foraging,psi,0.002,10.69945080504674,0.1954797286261119,0.29628651205670775,success,0.0,True,0.95,3.841458820694124
glerl_m110_zoop_1994-201,glerl_zooplankton,fear_foraging,psi,0.006666666666666667,10.69945080504674,0.1954797286261119,0.29628651205670775,success,0.0,True,0.95,3.841458820694124
glerl_m110_zoop_1994-201,glerl_zooplankton,fear_foraging,psi,0.02,10.69945080504674,0.1954797286261119,0.29628651205670775,success,0.0,True,0.95,3.841458820694124
glerl_m110_zoop_1994-201,glerl_zooplankton,fear_foraging,psi,0.06,10.69945080504674,0.1954797286261119,0.29628651205670775,success,0.0,True,0.95,3.841458820694124
glerl_m110_zoop_1994-201,glerl_zooplankton,fear_foraging,psi,0.2,10.69945080504674,0.1954797286261119,0.29628651205670775,success,0.0,True,0.95,3.841458820694124
glerl_m110_zoop_1994-201,glerl_zooplankton,fear_handling,psi,0.0,10.69945080504674,0.1954797286261119,0.29628651205670775,success,0.0,True,0.95,3.841458820694124
glerl_m110_zoop_1994-201,glerl_zooplankton,fear_handling,psi,0.002,10.69945080504674,0.1954797286261119,0.29628651205670775,success,0.0,True,0.95,3.841458820694124
glerl_m110_zoop_1994-201,glerl_zooplankton,fear_handling,psi,0.006666666666666667,10.69945080504674,0.1954797286261119,0.29628651205670775,success,0.0,True,0.95,3.841458820694124
glerl_m110_zoop_1994-201,glerl_zooplankton,fear_handling,psi,0.02,10.69945080504674,0.1954797286261119,0.29628651205670775,success,0.0,True,0.95,3.841458820694124
glerl_m110_zoop_1994-201,glerl_zooplankton,fear_handling,psi,0.06,10.69945080504674,0.1954797286261119,0.29628651205670775,success,0.0,True,0.95,3.841458820694124
glerl_m110_zoop_1994-201,glerl_zooplankton,fear_handling,psi,0.2,10.69945080504674,0.1954797286261119,0.29628651205670775,success,0.0,True,0.95,3.841458820694124
andren_lynx_roedeer_data_1,andren_lynx_roedeer,fear_instant,phi,0.0,0.7552130306996222,0.14097527131973986,0.11118582933755355,usable_limit,65.69741121882154,False,0.95,3.841458820694124
andren_lynx_roedeer_data_1,andren_lynx_roedeer,fear_instant,phi,0.02336163226630811,0.6491845569972843,0.1307050271852903,0.11362163034891617,usable_limit,59.94866399414933,False,0.95,3.841458820694124
andren_lynx_roedeer_data_1,andren_lynx_roedeer,fear_instant,phi,0.07787210755436037,2.0416259175718654,0.2317908493250727,0.21893767015214843,success,103.48848412139837,False,0.95,3.841458820694124
andren_lynx_roedeer_data_1,andren_lynx_roedeer,fear_instant,phi,0.2336163226630811,0.13403763607086888,0.05939112907153127,0.06666118670114751,usable_limit,0.0,True,0.95,3.841458820694124
andren_lynx_roedeer_data_1,andren_lynx_roedeer,fear_instant,phi,0.7008489679892433,0.5577815434412107,0.12115470139249877,0.26824777362578944,usable_limit,54.18217687241102,False,0.95,3.841458820694124
andren_lynx_roedeer_data_1,andren_lynx_roedeer,fear_instant,phi,2.336163226630811,1.314869900141862,0.186015696857597,0.2670918559827496,usable_limit,86.76815035443217,False,0.95,3.841458820694124
andren_lynx_roedeer_data_1,andren_lynx_roedeer,fear_memory,phi,0.0,0.7550309529177084,0.1409582761071431,0.11105780289559782,failed,nan,False,,
andren_lynx_roedeer_data_1,andren_lynx_roedeer,fear_memory,phi,0.026787124246648097,0.6241529239968608,0.12816035637936488,0.11269653865805103,usable_limit,42.7097637257358,False,0.95,3.841458820694124
andren_lynx_roedeer_data_1,andren_lynx_roedeer,fear_memory,phi,0.08929041415549366,0.41322516078772475,0.1042801339494684,0.12525408510083766,success,27.038458049846255,False,0.95,3.841458820694124
andren_lynx_roedeer_data_1,andren_lynx_roedeer,fear_memory,phi,0.267871242466481,0.2028474580057434,0.07306224059082189,0.06409749547378499,success,0.0,True,0.95,3.841458820694124
andren_lynx_roedeer_data_1,andren_lynx_roedeer,fear_memory,phi,0.8036137273994429,0.7904416422444986,0.14422585013977016,0.11718293415452913,usable_limit,51.685227732074495,False,0.95,3.841458820694124
andren_lynx_roedeer_data_1,andren_lynx_roedeer,fear_memory,phi,2.4374999999999996,3.190193553701639,0.2897455123716618,0.4496719056833852,failed,nan,False,,
andren_lynx_roedeer_data_1,andren_lynx_roedeer,fear_saturating,phi,0.0,0.1266600810476325,0.057733526027510876,0.06571463595144944,usable_limit,0.8400677414452807,True,0.95,3.841458820694124
andren_lynx_roedeer_data_1,andren_lynx_roedeer,fear_saturating,phi,0.016100101667983847,0.12389072476064342,0.057098881167175666,0.07502720269964348,usable_limit,0.0,True,0.95,3.841458820694124
andren_lynx_roedeer_data_1,andren_lynx_roedeer,fear_saturating,phi,0.053667005559946156,0.12506532696123973,0.05736891854279168,0.07094502883322548,usable_limit,0.3585790706243787,True,0.95,3.841458820694124
andren_lynx_roedeer_data_1,andren_lynx_roedeer,fear_saturating,phi,0.16100101667983846,0.12773979601251856,0.05797907880672824,0.06639579306504029,usable_limit,1.162626191507177,True,0.95,3.841458820694124
andren_lynx_roedeer_data_1,andren_lynx_roedeer,fear_saturating,phi,0.4830030500395154,0.1269725267728336,0.057804690843353025,0.07148661523375818,usable_limit,0.9336909050088684,True,0.95,3.841458820694124
andren_lynx_roedeer_data_1,andren_lynx_roedeer,fear_saturating,phi,0.99,0.12624210187753557,0.057638186783803495,0.08048628939359422,usable_limit,0.7144601034110556,True,0.95,3.841458820694124
andren_lynx_roedeer_data_1,andren_lynx_roedeer,fear_foraging,psi,0.0,0.13778836544603057,0.060216356723076535,0.06992894721526315,usable_limit,2.9466741006057507e-06,True,0.95,3.841458820694124
andren_lynx_roedeer_data_1,andren_lynx_roedeer,fear_foraging,psi,2.036974304985001e-08,0.13778891432416454,0.06021647665848796,0.07001378710823696,success,0.00015431887073404977,True,0.95,3.841458820694124
andren_lynx_roedeer_data_1,andren_lynx_roedeer,fear_foraging,psi,6.789914349950003e-08,0.13778967118235083,0.06021664203924789,0.07000881329115045,usable_limit,0.00036304779664716135,True,0.95,3.841458820694124
andren_lynx_roedeer_data_1,andren_lynx_roedeer,fear_foraging,psi,2.0369743049850012e-07,0.13779002965433382,0.06021672036864971,0.06986975550709017,usable_limit,0.000461908019752665,True,0.95,3.841458820694124
andren_lynx_roedeer_data_1,andren_lynx_roedeer,fear_foraging,psi,6.110922914955004e-07,0.13778835476136236,0.06021635438836633,0.06997026332401586,usable_limit,0.0,True,0.95,3.841458820694124
andren_lynx_roedeer_data_1,andren_lynx_roedeer,fear_foraging,psi,2.036974304985001e-06,0.13778885738260102,0.06021646421619279,0.06992758490294933,usable_limit,0.0001386152862265649,True,0.95,3.841458820694124
andren_lynx_roedeer_data_1,andren_lynx_roedeer,fear_handling,psi,0.0,3.6049475428988833,0.3080049360036332,0.2707104134716626,failed,nan,False,,
andren_lynx_roedeer_data_1,andren_lynx_roedeer,fear_handling,psi,1.2283459114488308e-06,3.604947541583968,0.30800493594746037,0.2707104133960137,success,1.390418731137286e-06,True,0.95,3.841458820694124
andren_lynx_roedeer_data_1,andren_lynx_roedeer,fear_handling,psi,4.094486371496103e-06,3.6049475384917753,0.30800493581536265,0.2707104132193174,success,1.3578237140759124e-06,True,0.95,3.841458820694124
andren_lynx_roedeer_data_1,andren_lynx_roedeer,fear_handling,psi,1.2283459114488308e-05,3.6049475295963243,0.3080049354353512,0.2707104127132345,success,1.264056152931013e-06,True,0.95,3.841458820694124
andren_lynx_roedeer_data_1,andren_lynx_roedeer,fear_handling,psi,3.685037734346493e-05,3.604947502927732,0.3080049342960755,0.27071041119472405,success,9.829406836795811e-07,True,0.95,3.841458820694124
andren_lynx_roedeer_data_1,andren_lynx_roedeer,fear_handling,psi,0.0001228345911448831,3.60494740967906,0.30800493031251525,0.2707104058827678,success,0.0,True,0.95,3.841458820694124
andren_lynx_roedeer_data_2,andren_lynx_roedeer,fear_instant,phi,0.0,0.5251724285139332,0.11755988714759869,0.0964844038389745,success,13.753223632290982,False,0.95,3.841458820694124
andren_lynx_roedeer_data_2,andren_lynx_roedeer,fear_instant,phi,0.07149577682289494,0.39818280092612357,0.10236451905427865,0.09226499369407286,usable_limit,3.2342367114677444,True,0.95,3.841458820694124
andren_lynx_roedeer_data_2,andren_lynx_roedeer,fear_instant,phi,0.23831925607631646,0.3889138753852131,0.10116607963162319,0.08099657263445526,usable_limit,2.339212087406685,True,0.95,3.841458820694124
andren_lynx_roedeer_data_2,andren_lynx_roedeer,fear_instant,phi,0.7149577682289494,0.3656950195970641,0.09809971023041383,0.07856029891799514,success,0.0,True,0.95,3.841458820694124
andren_lynx_roedeer_data_2,andren_lynx_roedeer,fear_instant,phi,2.1448733046868482,1.1870988262596749,0.17674683249299614,0.22829487950649782,usable_limit,44.74378179872488,False,0.95,3.841458820694124
andren_lynx_roedeer_data_2,andren_lynx_roedeer,fear_instant,phi,7.149577682289494,3.2091790161180676,0.29060639939878835,0.3956097637972999,failed,nan,False,,
andren_lynx_roedeer_data_2,andren_lynx_roedeer,fear_memory,phi,0.0,0.4037782405119469,0.10308124548804706,0.09492075801271099,usable_limit,3.794802250499078,True,0.95,3.841458820694124
andren_lynx_roedeer_data_2,andren_lynx_roedeer,fear_memory,phi,0.07158444302066144,0.3981041519098818,0.10235440904162384,0.09103266405236514,usable_limit,3.2570202326144693,True,0.95,3.841458820694124
andren_lynx_roedeer_data_2,andren_lynx_roedeer,fear_memory,phi,0.23861481006887145,0.3859601781158943,0.10078118273032687,0.08195179733970161,usable_limit,2.079800728834347,True,0.95,3.841458820694124
andren_lynx_roedeer_data_2,andren_lynx_roedeer,fear_memory,phi,0.7158444302066144,0.3654036381483928,0.09806062010017777,0.0814304372073013,success,0.0,True,0.95,3.841458820694124
andren_lynx_roedeer_data_2,andren_lynx_roedeer,fear_memory,phi,2.147533290619843,1.1934864746170675,0.17722172216100457,0.23456485588140147,usable_limit,44.97799748126361,False,0.95,3.841458820694124
andren_lynx_roedeer_data_2,andren_lynx_roedeer,fear_memory,phi,7.158444302066144,3.12945932898138,0.2869742024432354,0.3887662703427414,failed,nan,False,,
andren_lynx_roedeer_data_2,andren_lynx_roedeer,fear_saturating,phi,0.0,0.4041097518349651,0.10312355285555144,0.09731803703822568,usable_limit,1.0208034268622594,True,0.95,3.841458820694124
andren_lynx_roedeer_data_2,andren_lynx_roedeer,fear_saturating,phi,0.025451371455687523,0.40359180571925907,0.10305744511005539,0.09485360444976942,usable_limit,0.972067715235666,True,0.95,3.841458820694124
andren_lynx_roedeer_data_2,andren_lynx_roedeer,fear_saturating,phi,0.08483790485229174,0.40345871937364386,0.10304045186410553,0.09748563157821159,success,0.9595349653718618,True,0.95,3.841458820694124
andren_lynx_roedeer_data_2,andren_lynx_roedeer,fear_saturating,phi,0.2545137145568752,0.40159283629224574,0.102801909194365,0.0943404524108536,usable_limit,0.7833880253283123,True,0.95,3.841458820694124
andren_lynx_roedeer_data_2,andren_lynx_roedeer,fear_saturating,phi,0.7635411436706256,0.3962687133645123,0.10211818660703008,0.09104372100718035,usable_limit,0.2762331827504448,True,0.95,3.841458820694124
andren_lynx_roedeer_data_2,andren_lynx_roedeer,fear_saturating,phi,0.99,0.3933985640906549,0.10174769673982473,0.09103533587856501,usable_limit,0.0,True,0.95,3.841458820694124
andren_lynx_roedeer_data_2,andren_lynx_roedeer,fear_foraging,psi,0.0,0.4037967298200747,0.10308360554475783,0.09531558991740029,success,9.992592088667161e-06,True,0.95,3.841458820694124
andren_lynx_roedeer_data_2,andren_lynx_roedeer,fear_foraging,psi,7.973960643392194e-07,0.40379662363650953,0.10308359199117424,0.09531204746241716,usable_limit,0.0,True,0.95,3.841458820694124
andren_lynx_roedeer_data_2,andren_lynx_roedeer,fear_foraging,psi,2.6579868811307314e-06,0.4037971475085228,0.10308365885972662,0.09532325707352109,success,4.929987628864472e-05,True,0.95,3.841458820694124
andren_lynx_roedeer_data_2,andren_lynx_roedeer,fear_foraging,psi,7.973960643392194e-06,0.40379768920031284,0.10308372800280169,0.0952869713703073,success,0.00010027664603592396,True,0.95,3.841458820694124
andren_lynx_roedeer_data_2,andren_lynx_roedeer,fear_foraging,psi,2.3921881930176583e-05,0.4037998097726127,0.10308399867821294,0.09533051646321272,usable_limit,0.000299835826193076,True,0.95,3.841458820694124
andren_lynx_roedeer_data_2,andren_lynx_roedeer,fear_foraging,psi,7.973960643392194e-05,0.40380600156639157,0.1030847890109465,0.09534880460375685,usable_limit,0.0008825165357624915,True,0.95,3.841458820694124
andren_lynx_roedeer_data_2,andren_lynx_roedeer,fear_handling,psi,0.0,0.40381796866207303,0.10308631649739902,0.09559872887001926,usable_limit,0.0020801240891002697,True,0.95,3.841458820694124
andren_lynx_roedeer_data_2,andren_lynx_roedeer,fear_handling,psi,1.3610727208930738e-06,0.40379586422801955,0.10308349505798169,0.09525725861060669,usable_limit,0.0,True,0.95,3.841458820694124
andren_lynx_roedeer_data_2,andren_lynx_roedeer,fear_handling,psi,4.536909069643579e-06,0.40381779305397963,0.10308629408285229,0.09477883136756227,usable_limit,0.0020635990468306983,True,0.95,3.841458820694124
andren_lynx_roedeer_data_2,andren_lynx_roedeer,fear_handling,psi,1.3610727208930738e-05,0.4041108511766445,0.10312369312430537,0.09744729406855498,usable_limit,0.029630907692687978,True,0.95,3.841458820694124
andren_lynx_roedeer_data_2,andren_lynx_roedeer,fear_handling,psi,4.083218162679221e-05,0.4041312246159882,0.10312629260637915,0.0980676533397946,usable_limit,0.0315466473415182,True,0.95,3.841458820694124
andren_lynx_roedeer_data_2,andren_lynx_roedeer,fear_handling,psi,0.0001361072720893074,0.40411858393949296,0.10312467976849711,0.09677558092105353,success,0.030358040300052156,True,0.95,3.841458820694124
andren_lynx_roedeer_data_3,andren_lynx_roedeer,fear_instant,phi,0.0,0.4854096730839208,0.11302185083144912,0.07552038881496677,success,2.6675976137284624e-05,True,0.95,3.841458820694124
andren_lynx_roedeer_data_3,andren_lynx_roedeer,fear_instant,phi,0.028683445302036165,0.48540963077569743,0.1130218459059665,0.07552002823859703,success,2.336390254970543e-05,True,0.95,3.841458820694124
andren_lynx_roedeer_data_3,andren_lynx_roedeer,fear_instant,phi,0.09561148434012055,0.48540953158844186,0.11302183435868089,0.07551960006797717,success,1.5599087309122813e-05,True,0.95,3.841458820694124
andren_lynx_roedeer_data_3,andren_lynx_roedeer,fear_instant,phi,0.28683445302036165,0.4854093323267547,0.11302181116082193,0.07553802945154339,success,0.0,True,0.95,3.841458820694124
andren_lynx_roedeer_data_3,andren_lynx_roedeer,fear_instant,phi,0.8605033590610849,0.5215975346160604,0.11715908377479298,0.07260621643641457,usable_limit,2.7323430646669458,True,0.95,3.841458820694124
andren_lynx_roedeer_data_3,andren_lynx_roedeer,fear_instant,phi,2.8683445302036166,0.7876549572583408,0.14397139310680518,0.2006610173573726,usable_limit,18.394568925499375,False,0.95,3.841458820694124
andren_lynx_roedeer_data_3,andren_lynx_roedeer,fear_memory,phi,0.0,1.7810947704411124,0.21649691686397804,0.1059180315777118,usable_limit,22.584085891575313,False,0.95,3.841458820694124
andren_lynx_roedeer_data_3,andren_lynx_roedeer,fear_memory,phi,0.0777523338449749,1.5696483925456488,0.20324009605867177,0.10009257482944775,success,17.78177606695596,False,0.95,3.841458820694124
andren_lynx_roedeer_data_3,andren_lynx_roedeer,fear_memory,phi,0.25917444614991636,1.2145410732127502,0.17877809482654528,0.07789436696832513,usable_limit,8.035332669397416,False,0.95,3.841458820694124
andren_lynx_roedeer_data_3,andren_lynx_roedeer,fear_memory,phi,0.7775233384497491,0.9830553679283804,0.1608411579894227,0.07430005248009601,success,0.0,True,0.95,3.841458820694124
andren_lynx_roedeer_data_3,andren_lynx_roedeer,fear_memory,phi,2.3325700153492472,3.882616214735564,0.3196468534400015,0.30278732195115227,failed,nan,False,,
andren_lynx_roedeer_data_3,andren_lynx_roedeer,fear_memory,phi,6.092592592592593,3.889317370373992,0.31992257987692124,0.3027977593707642,failed,nan,False,,
andren_lynx_roedeer_data_3,andren_lynx_roedeer,fear_saturating,phi,0.0,0.4854077684406357,0.11302162909449953,0.07550143640505064,success,0.0,True,0.95,3.841458820694124
andren_lynx_roedeer_data_3,andren_lynx_roedeer,fear_saturating,phi,0.00027233377345295905,0.4854087341619025,0.11302174152300154,0.0755002929915139,success,7.560112140526754e-05,True,0.95,3.841458820694124
andren_lynx_roedeer_data_3,andren_lynx_roedeer,fear_saturating,phi,0.0009077792448431969,0.48541098044460956,0.1130220030330156,0.0754942651205571,success,0.00025144992542697946,True,0.95,3.841458820694124
andren_lynx_roedeer_data_3,andren_lynx_roedeer,fear_saturating,phi,0.0027233377345295905,0.4854174174335798,0.11302275241756225,0.0754768471332597,success,0.0007553609799607219,True,0.95,3.841458820694124
andren_lynx_roedeer_data_3,andren_lynx_roedeer,fear_saturating,phi,0.008170013203588771,0.48543679311264826,0.11302500807490724,0.07542278765178043,success,0.002272119720258155,True,0.95,3.841458820694124
andren_lynx_roedeer_data_3,andren_lynx_roedeer,fear_saturating,phi,0.027233377345295906,0.4855059573478724,0.1130330595966778,0.07521143898434886,success,0.007685911505027534,True,0.95,3.841458820694124
andren_lynx_roedeer_data_3,andren_lynx_roedeer,fear_foraging,psi,0.0,0.48540722350963506,0.11302156565401637,0.07551913460404337,success,0.0,True,0.95,3.841458820694124
andren_lynx_roedeer_data_3,andren_lynx_roedeer,fear_foraging,psi,8.781510069854148e-07,0.4854072350663744,0.1130215669994442,0.07551948777819045,success,9.04716840443392e-07,True,0.95,3.841458820694124
andren_lynx_roedeer_data_3,andren_lynx_roedeer,fear_foraging,psi,2.927170023284716e-06,0.4854072626598684,0.11302157021186014,0.07551904212987294,success,3.0648674663438628e-06,True,0.95,3.841458820694124
andren_lynx_roedeer_data_3,andren_lynx_roedeer,fear_foraging,psi,8.781510069854148e-06,0.4854073487921196,0.1130215802393181,0.07551848677206419,success,9.80771106815763e-06,True,0.95,3.841458820694124
andren_lynx_roedeer_data_3,andren_lynx_roedeer,fear_foraging,psi,2.6344530209562443e-05,0.4854075779487848,0.11302160691757651,0.07550862665287296,success,2.7747182405718755e-05,True,0.95,3.841458820694124
andren_lynx_roedeer_data_3,andren_lynx_roedeer,fear_foraging,psi,8.781510069854148e-05,0.4854084424782563,0.11302170756543517,0.07550858740350995,success,9.542657629457439e-05,True,0.95,3.841458820694124
andren_lynx_roedeer_data_3,andren_lynx_roedeer,fear_handling,psi,0.0,0.48542634676949037,0.1130237919491535,0.07551417266638595,success,3.4754941575437134e-08,True,0.95,3.841458820694124
andren_lynx_roedeer_data_3,andren_lynx_roedeer,fear_handling,psi,3.815080719855582e-06,0.4854263478325025,0.11302379207290622,0.07551397640488663,success,1.1796933722670254e-07,True,0.95,3.841458820694124
andren_lynx_roedeer_data_3,andren_lynx_roedeer,fear_handling,psi,1.271693573285194e-05,0.4854263463255176,0.11302379189746752,0.075514232477907,success,0.0,True,0.95,3.841458820694124
andren_lynx_roedeer_data_3,andren_lynx_roedeer,fear_handling,psi,3.815080719855582e-05,0.4854263505150316,0.1130237923851983,0.0755148513986617,success,3.2796227592030503e-07,True,0.95,3.841458820694124
andren_lynx_roedeer_data_3,andren_lynx_roedeer,fear_handling,psi,0.00011445242159566746,0.4854263488295452,0.11302379218897898,0.07551398537680874,success,1.9601954275818452e-07,True,0.95,3.841458820694124
andren_lynx_roedeer_data_3,andren_lynx_roedeer,fear_handling,psi,0.00038150807198555816,0.485426357132646,0.11302379315560135,0.07551464490584486,success,8.460003821016175e-07,True,0.95,3.841458820694124
andren_lynx_roedeer_data_4,andren_lynx_roedeer,fear_instant,phi,0.0,1.9294285633983614,0.23150645319769536,0.1814902901067079,usable_limit,86.80471193087783,False,0.95,3.841458820694124
andren_lynx_roedeer_data_4,andren_lynx_roedeer,fear_instant,phi,0.08425667338542933,1.5579629754427893,0.20803064514117928,0.1629434432050855,success,79.10630291352102,False,0.95,3.841458820694124
andren_lynx_roedeer_data_4,andren_lynx_roedeer,fear_instant,phi,0.2808555779514311,0.22601589113821918,0.07923521438277217,0.0778091214548543,success,9.6072534984106,False,0.95,3.841458820694124
andren_lynx_roedeer_data_4,andren_lynx_roedeer,fear_instant,phi,0.8425667338542934,0.1730770998059707,0.06933755992845811,0.08689242802344942,usable_limit,0.0,True,0.95,3.841458820694124
andren_lynx_roedeer_data_4,andren_lynx_roedeer,fear_instant,phi,2.52770020156288,0.37586314098581497,0.10217946371537447,0.11915492895444235,usable_limit,27.917565535915802,False,0.95,3.841458820694124
andren_lynx_roedeer_data_4,andren_lynx_roedeer,fear_instant,phi,2.672727272727273,1.882957630844372,0.22870150553629046,0.18528438758152166,success,85.92702727273854,False,0.95,3.841458820694124
andren_lynx_roedeer_data_4,andren_lynx_roedeer,fear_memory,phi,0.0,1.9294690942168011,0.23150888477171772,0.1814776911693343,success,30.680857051455227,False,0.95,3.841458820694124
andren_lynx_roedeer_data_4,andren_lynx_roedeer,fear_memory,phi,0.06572573264156631,1.6283063176038686,0.21267517731167385,0.16647340707290229,success,24.571495818223983,False,0.95,3.841458820694124
andren_lynx_roedeer_data_4,andren_lynx_roedeer,fear_memory,phi,0.21908577547188768,1.1092428018902547,0.1755343272767668,0.12342329605452226,success,10.752435609707483,False,0.95,3.841458820694124
andren_lynx_roedeer_data_4,andren_lynx_roedeer,fear_memory,phi,0.657257326415663,0.8228337160354355,0.1511836370514198,0.05534949489821585,success,0.0,True,0.95,3.841458820694124
andren_lynx_roedeer_data_4,andren_lynx_roedeer,fear_memory,phi,1.9717719792469892,0.9372263266134724,0.16135075031790838,0.12255276743499792,success,4.686143861363421,False,0.95,3.841458820694124
andren_lynx_roedeer_data_4,andren_lynx_roedeer,fear_memory,phi,2.672727272727273,0.9575640614570042,0.1630920038111587,0.12886965957243282,success,5.458985625570499,False,0.95,3.841458820694124
andren_lynx_roedeer_data_4,andren_lynx_roedeer,fear_saturating,phi,0.0,0.5106421392134161,0.11909871480011586,0.13463813657720455,usable_limit,53.31856977966528,False,0.95,3.841458820694124
andren_lynx_roedeer_data_4,andren_lynx_roedeer,fear_saturating,phi,6.644569996247051e-06,0.11611692382374075,0.056793222361607734,0.05742054994317769,usable_limit,0.0,True,0.95,3.841458820694124
andren_lynx_roedeer_data_4,andren_lynx_roedeer,fear_saturating,phi,2.2148566654156834e-05,0.2635936511279945,0.08556895385983466,0.0901542614876462,usable_limit,29.51319850698151,False,0.95,3.841458820694124
andren_lynx_roedeer_data_4,andren_lynx_roedeer,fear_saturating,phi,6.64456999624705e-05,0.25895426693271706,0.0848125820940759,0.09657661924771278,usable_limit,28.873937631937054,False,0.95,3.841458820694124
andren_lynx_roedeer_data_4,andren_lynx_roedeer,fear_saturating,phi,0.0001993370998874115,0.8076209788379719,0.14977955828093684,0.14429034779583017,usable_limit,69.82182775511774,False,0.95,3.841458820694124
andren_lynx_roedeer_data_4,andren_lynx_roedeer,fear_saturating,phi,0.0006644569996247051,0.35294470093437824,0.09901524867614783,0.1325416101213138,usable_limit,40.021694734871964,False,0.95,3.841458820694124
andren_lynx_roedeer_data_4,andren_lynx_roedeer,fear_foraging,psi,0.0,6.387487876593183,0.4212246654628087,0.1901713115458059,success,0.0,True,0.95,3.841458820694124
andren_lynx_roedeer_data_4,andren_lynx_roedeer,fear_foraging,psi,1.0791714524146984e-06,6.387520440016154,0.42122573916343486,0.19016975829655877,failed,nan,False,,
andren_lynx_roedeer_data_4,andren_lynx_roedeer,fear_foraging,psi,3.5972381747156618e-06,6.387596378890249,0.4212282430547023,0.19016613442668245,success,0.0006115157624563123,True,0.95,3.841458820694124
andren_lynx_roedeer_data_4,andren_lynx_roedeer,fear_foraging,psi,1.0791714524146985e-05,6.387812790202193,0.42123537858575355,0.19015578338954128,success,0.0018311725464522626,True,0.95,3.841458820694124
andren_lynx_roedeer_data_4,andren_lynx_roedeer,fear_foraging,psi,3.237514357244095e-05,6.388458591860493,0.4212566712910739,0.19012475478906934,success,0.005470553555728488,True,0.95,3.841458820694124
andren_lynx_roedeer_data_4,andren_lynx_roedeer,fear_foraging,psi,0.00010791714524146986,6.390683321054,0.42133001452589264,0.19001636013055304,success,0.018005080884896357,True,0.95,3.841458820694124
andren_lynx_roedeer_data_4,andren_lynx_roedeer,fear_handling,psi,0.0,12.080013938059228,0.5792719074181549,0.21290215974488116,success,27.422502600800616,False,0.95,3.841458820694124
andren_lynx_roedeer_data_4,andren_lynx_roedeer,fear_handling,psi,1.2450494471654576e-06,5.639617042638722,0.39579796482825264,0.2084873587632222,success,0.0,True,0.95,3.841458820694124
andren_lynx_roedeer_data_4,andren_lynx_roedeer,fear_handling,psi,4.1501648238848585e-06,5.639626622587263,0.39579830099669255,0.20848799721146588,success,6.115270806018541e-05,True,0.95,3.841458820694124
andren_lynx_roedeer_data_4,andren_lynx_roedeer,fear_handling,psi,1.2450494471654576e-05,5.6396298946407475,0.3957984158157319,0.20848811339431927,success,8.203953250960014e-05,True,0.95,3.841458820694124
andren_lynx_roedeer_data_4,andren_lynx_roedeer,fear_handling,psi,3.735148341496373e-05,5.6396420772528595,0.39579884331328585,0.20848740482480402,success,0.00015980590557882613,True,0.95,3.841458820694124
andren_lynx_roedeer_data_4,andren_lynx_roedeer,fear_handling,psi,0.00012450494471654577,5.639637763387155,0.3957986919363581,0.20848743521158467,success,0.00013226883449573277,True,0.95,3.841458820694124
andren_lynx_roedeer_data_5,andren_lynx_roedeer,fear_instant,phi,0.0,3.261597501726345,0.3009982235886278,0.3202753935038962,success,113.69376165045172,False,0.95,3.841458820694124
andren_lynx_roedeer_data_5,andren_lynx_roedeer,fear_instant,phi,1e-09,0.13863053041920592,0.062055201773905826,0.06213353638330262,usable_limit,0.0,True,0.95,3.841458820694124
andren_lynx_roedeer_data_5,andren_lynx_roedeer,fear_instant,phi,3.3333333333333334e-09,2.365297092660559,0.25632537334089434,0.22201810934286928,usable_limit,102.12647666106699,False,0.95,3.841458820694124
andren_lynx_roedeer_data_5,andren_lynx_roedeer,fear_instant,phi,1e-08,0.255927194505797,0.08431541221077045,0.15744079230895805,usable_limit,22.07090404354671,False,0.95,3.841458820694124
andren_lynx_roedeer_data_5,andren_lynx_roedeer,fear_instant,phi,3.0000000000000004e-08,0.147869835619476,0.06408974515376335,0.06682236935408811,usable_limit,2.3227220892929794,True,0.95,3.841458820694124
andren_lynx_roedeer_data_5,andren_lynx_roedeer,fear_instant,phi,1e-07,3.2360624744927784,0.2998176517342934,0.3268557576711249,success,113.41080879783702,False,0.95,3.841458820694124
andren_lynx_roedeer_data_5,andren_lynx_roedeer,fear_memory,phi,0.0,6.870826091729335,0.43687101108429577,0.28083954668402833,failed,,,,
andren_lynx_roedeer_data_5,andren_lynx_roedeer,fear_memory,phi,0.28264200587186855,6.9005219113547245,0.4378140749271292,0.28083951827294457,failed,,,,
andren_lynx_roedeer_data_5,andren_lynx_roedeer,fear_memory,phi,0.9421400195728952,7.002636679302075,0.44104159161712714,0.28083951602725044,failed,,,,
andren_lynx_roedeer_data_5,andren_lynx_roedeer,fear_memory,phi,2.8264200587186856,7.503107589066502,0.4565300157184052,0.2808395197444222,failed,,,,
andren_lynx_roedeer_data_5,andren_lynx_roedeer,fear_memory,phi,2.829032258064516,7.503890640113834,0.45655383764658986,0.28083951935107376,failed,,,,
andren_lynx_roedeer_data_5,andren_lynx_roedeer,fear_saturating,phi,0.0,1.7558967573179436,0.22085042432718674,0.22884164238601476,usable_limit,1.4418436728521418,True,0.95,3.841458820694124
andren_lynx_roedeer_data_5,andren_lynx_roedeer,fear_saturating,phi,0.044268741162262135,1.748302485438209,0.22037231661177212,0.24356248641756345,usable_limit,1.2858056186491102,True,0.95,3.841458820694124
andren_lynx_roedeer_data_5,andren_lynx_roedeer,fear_saturating,phi,0.1475624705408738,1.7323381476125093,0.2193638623391453,0.24677510969070657,usable_limit,0.9555674513320205,True,0.95,3.841458820694124
andren_lynx_roedeer_data_5,andren_lynx_roedeer,fear_saturating,phi,0.4426874116226214,1.686960663916732,0.2164717497553236,0.23302844590570387,usable_limit,0.0,True,0.95,3.841458820694124
andren_lynx_roedeer_data_5,andren_lynx_roedeer,fear_saturating,phi,0.99,1.810675886781786,0.22426892876768545,0.17691160625006325,success,2.5477814726786154,True,0.95,3.841458820694124
andren_lynx_roedeer_data_5,andren_lynx_roedeer,fear_foraging,psi,0.0,88.54195932855367,1.5682789516656792,0.21597826205581316,failed,nan,False,,
andren_lynx_roedeer_data_5,andren_lynx_roedeer,fear_foraging,psi,1.4008472510695437e-06,88.54283070292719,1.5682866686550998,0.21597826132086784,failed,nan,False,,
andren_lynx_roedeer_data_5,andren_lynx_roedeer,fear_foraging,psi,4.669490836898479e-06,88.54484783264066,1.5683045324369373,0.21597826120755137,failed,nan,False,,
andren_lynx_roedeer_data_5,andren_lynx_roedeer,fear_foraging,psi,1.4008472510695437e-05,2.3527548268324385,0.25564487232359173,0.17021388011223668,usable_limit,0.0,True,0.95,3.841458820694124
andren_lynx_roedeer_data_5,andren_lynx_roedeer,fear_foraging,psi,4.202541753208631e-05,6.836596088481416,0.43578142101546913,0.18174915783069376,success,38.40130985611279,False,0.95,3.841458820694124
andren_lynx_roedeer_data_5,andren_lynx_roedeer,fear_foraging,psi,0.00014008472510695436,6.80874365217997,0.43489282371190063,0.22636440301783567,success,38.25434552712803,False,0.95,3.841458820694124
andren_lynx_roedeer_data_5,andren_lynx_roedeer,fear_handling,psi,0.0,6.645456055566578,0.4296463680092223,0.14004775631278582,usable_limit,99.33818965237934,False,0.95,3.841458820694124
andren_lynx_roedeer_data_5,andren_lynx_roedeer,fear_handling,psi,1.3632776678626225e-06,1.0702296361455585,0.17241983935743385,0.2809093796019854,usable_limit,33.60002668132322,False,0.95,3.841458820694124
andren_lynx_roedeer_data_5,andren_lynx_roedeer,fear_handling,psi,4.544258892875408e-06,6.647566690333262,0.42971459166176224,0.1383764962864513,usable_limit,99.34962164248296,False,0.95,3.841458820694124
andren_lynx_roedeer_data_5,andren_lynx_roedeer,fear_handling,psi,1.3632776678626225e-05,0.4208575616950172,0.10812255927817094,0.1209562856528598,usable_limit,0.0,True,0.95,3.841458820694124
andren_lynx_roedeer_data_5,andren_lynx_roedeer,fear_handling,psi,4.089833003587867e-05,6.648224406209291,0.4297358492987062,0.13738444770874783,usable_limit,99.35318333676418,False,0.95,3.841458820694124
andren_lynx_roedeer_data_5,andren_lynx_roedeer,fear_handling,psi,0.00013632776678626225,6.645044567491569,0.4296330659053261,0.1410670859471593,usable_limit,99.33596045558305,False,0.95,3.841458820694124
andren_lynx_roedeer_data_6,andren_lynx_roedeer,fear_instant,phi,0.0,7.369952931617552,0.479907313043934,0.3237180879494428,failed,nan,False,,
andren_lynx_roedeer_data_6,andren_lynx_roedeer,fear_instant,phi,0.039437508946457686,7.369981149692484,0.47990823177758696,0.32371808761496507,failed,nan,False,,
andren_lynx_roedeer_data_6,andren_lynx_roedeer,fear_instant,phi,0.13145836315485895,7.370047213763111,0.47991038270712294,0.32371808763666543,failed,nan,False,,
andren_lynx_roedeer_data_6,andren_lynx_roedeer,fear_instant,phi,0.3943750894645769,7.370227294080318,0.47991624575545466,0.3237078276830527,success,0.0,True,0.95,3.841458820694124
andren_lynx_roedeer_data_6,andren_lynx_roedeer,fear_instant,phi,1.1831252683937308,7.370767735696723,0.47993384100365605,0.3237079682676941,success,0.0023463995066508245,True,0.95,3.841458820694124
andren_lynx_roedeer_data_6,andren_lynx_roedeer,fear_instant,phi,3.9437508946457687,7.3728059846750815,0.48000019481360245,0.3237177395399747,success,0.011194182135212014,True,0.95,3.841458820694124
andren_lynx_roedeer_data_6,andren_lynx_roedeer,fear_memory,phi,0.0,2.7448250245465924,0.29287502798477205,0.3001482599143025,usable_limit,0.2382969101094174,True,0.95,3.841458820694124
andren_lynx_roedeer_data_6,andren_lynx_roedeer,fear_memory,phi,1e-09,2.822545632611314,0.29699251003872734,0.3253229426801923,usable_limit,1.1317962624288695,True,0.95,3.841458820694124
andren_lynx_roedeer_data_6,andren_lynx_roedeer,fear_memory,phi,3.3333333333333334e-09,2.724460838627113,0.29178656790040436,0.3062834857608992,usable_limit,0.0,True,0.95,3.841458820694124
andren_lynx_roedeer_data_6,andren_lynx_roedeer,fear_memory,phi,1e-08,2.8235002043254265,0.2970427265313352,0.3533991969606404,usable_limit,1.142616682958514,True,0.95,3.841458820694124
andren_lynx_roedeer_data_6,andren_lynx_roedeer,fear_memory,phi,3.0000000000000004e-08,2.817957682172391,0.2967510363383542,0.3698716847859445,usable_limit,1.0797390475917847,True,0.95,3.841458820694124
andren_lynx_roedeer_data_6,andren_lynx_roedeer,fear_memory,phi,1e-07,2.7908677458251088,0.2953212099681204,0.3557906760060803,usable_limit,0.7706245226006372,True,0.95,3.841458820694124
andren_lynx_roedeer_data_6,andren_lynx_roedeer,fear_saturating,phi,0.0,5.055445956827531,0.3974703588330334,0.2516555337999647,success,0.008673197386908789,True,0.95,3.841458820694124
andren_lynx_roedeer_data_6,andren_lynx_roedeer,fear_saturating,phi,0.06748288509632895,5.055367008734012,0.39746725528392635,0.251652741832827,success,0.008173467246261964,True,0.95,3.841458820694124
andren_lynx_roedeer_data_6,andren_lynx_roedeer,fear_saturating,phi,0.22494295032109649,5.055175661144057,0.3974597330683346,0.2516459816789058,success,0.0069622319883335644,True,0.95,3.841458820694124
andren_lynx_roedeer_data_6,andren_lynx_roedeer,fear_saturating,phi,0.6748288509632895,5.054567003507733,0.3974358047026169,0.2516244996061784,usable_limit,0.0031091083170433154,True,0.95,3.841458820694124
andren_lynx_roedeer_data_6,andren_lynx_roedeer,fear_saturating,phi,0.99,5.054075927479826,0.39741649781274124,0.2516071965620392,usable_limit,0.0,True,0.95,3.841458820694124
andren_lynx_roedeer_data_6,andren_lynx_roedeer,fear_foraging,psi,0.0,2.3809807541618833,0.27277398806990166,0.38554469022178195,usable_limit,35.73109653254155,False,0.95,3.841458820694124
andren_lynx_roedeer_data_6,andren_lynx_roedeer,fear_foraging,psi,1.4021612559570685e-06,3.1392695517209637,0.3132126649598961,0.35083441749315475,usable_limit,44.57838170489912,False,0.95,3.841458820694124
andren_lynx_roedeer_data_6,andren_lynx_roedeer,fear_foraging,psi,4.673870853190229e-06,0.7795142713913217,0.156076330623765,0.21592201772712194,usable_limit,0.0,True,0.95,3.841458820694124
andren_lynx_roedeer_data_6,andren_lynx_roedeer,fear_foraging,psi,1.4021612559570686e-05,12.816862858853986,0.6328719968043989,0.408403837724989,failed,nan,False,,
andren_lynx_roedeer_data_6,andren_lynx_roedeer,fear_foraging,psi,4.2064837678712056e-05,12.816343324553763,0.6328591698729703,0.4084035013025335,failed,nan,False,,
andren_lynx_roedeer_data_6,andren_lynx_roedeer,fear_foraging,psi,0.00014021612559570685,12.824568196562755,0.6330622055869282,0.4084023042703021,success,89.61430412371972,False,0.95,3.841458820694124
andren_lynx_roedeer_data_6,andren_lynx_roedeer,fear_handling,psi,0.0,5.055166409915422,0.39745936938240234,0.25163463073774195,success,0.0,True,0.95,3.841458820694124
andren_lynx_roedeer_data_6,andren_lynx_roedeer,fear_handling,psi,0.10689250350003934,5.055174883694294,0.39745970250510515,0.25163523357317064,success,5.364031065215894e-05,True,0.95,3.841458820694124
andren_lynx_roedeer_data_6,andren_lynx_roedeer,fear_handling,psi,0.35630834500013114,5.0551928972168465,0.3974604106549814,0.25163652051671725,success,0.00016766835279087336,True,0.95,3.841458820694124
andren_lynx_roedeer_data_6,andren_lynx_roedeer,fear_handling,psi,1.0689250350003934,5.055233834029839,0.39746201996345826,0.2516394737694011,success,0.00042680242310996693,True,0.95,3.841458820694124
andren_lynx_roedeer_data_6,andren_lynx_roedeer,fear_handling,psi,3.20677510500118,5.055305626802597,0.3974648422660565,0.25164475273175,success,0.0008812526999119718,True,0.95,3.841458820694124
andren_lynx_roedeer_data_6,andren_lynx_roedeer,fear_handling,psi,4.592307692307692,5.0553322817576465,0.39746589011502165,0.2516467457968784,success,0.0010499776744015497,True,0.95,3.841458820694124
andren_lynx_roedeer_data_7,andren_lynx_roedeer,fear_instant,phi,0.0,4.272682440758129,0.3906351257319898,0.3698336966019593,failed,nan,False,,
andren_lynx_roedeer_data_7,andren_lynx_roedeer,fear_instant,phi,0.0359520957113678,4.2727855966141615,0.39063984127756723,0.36983369961338947,failed,nan,False,,
andren_lynx_roedeer_data_7,andren_lynx_roedeer,fear_instant,phi,0.11984031903789268,4.273027268239818,0.3906508885473712,0.3698336975485336,failed,nan,False,,
andren_lynx_roedeer_data_7,andren_lynx_roedeer,fear_instant,phi,0.35952095711367804,4.273725387918453,0.3906827991715481,0.36983369831845875,success,0.0,True,0.95,3.841458820694124
andren_lynx_roedeer_data_7,andren_lynx_roedeer,fear_instant,phi,1.0785628713410342,4.275242078753117,0.39075211720261427,0.36900957271921353,success,0.009935081395905406,True,0.95,3.841458820694124
andren_lynx_roedeer_data_7,andren_lynx_roedeer,fear_instant,phi,3.59520957113678,4.282846376151658,0.3910994747481432,0.369301367384943,usable_limit,0.059693946197610696,True,0.95,3.841458820694124
andren_lynx_roedeer_data_7,andren_lynx_roedeer,fear_memory,phi,0.0,0.4973748482500262,0.13327935863253895,0.1165269145124975,usable_limit,25.45651191026679,False,0.95,3.841458820694124
andren_lynx_roedeer_data_7,andren_lynx_roedeer,fear_memory,phi,0.4422918368007238,0.20037343969861612,0.08459429221259893,0.09879530517736505,usable_limit,0.0,True,0.95,3.841458820694124
andren_lynx_roedeer_data_7,andren_lynx_roedeer,fear_memory,phi,1.4743061226690795,0.2695851269901476,0.0981225776753145,0.20426473882738905,usable_limit,8.307638824043424,False,0.95,3.841458820694124
andren_lynx_roedeer_data_7,andren_lynx_roedeer,fear_memory,phi,4.422918368007238,4.249674977510803,0.38958196357078895,0.36604975875104506,success,85.52361885539621,False,0.95,3.841458820694124
andren_lynx_roedeer_data_7,andren_lynx_roedeer,fear_memory,phi,10.0,4.23946420467046,0.38911365419513083,0.36165453878393905,success,85.45626178390307,False,0.95,3.841458820694124
andren_lynx_roedeer_data_7,andren_lynx_roedeer,fear_saturating,phi,0.0,357.2123426871405,3.571775982252789,0.533929778006612,failed,nan,False,,
andren_lynx_roedeer_data_7,andren_lynx_roedeer,fear_saturating,phi,0.04530064128039905,357.3464042095442,3.5724461617933856,0.5339305587308858,failed,nan,False,,
andren_lynx_roedeer_data_7,andren_lynx_roedeer,fear_saturating,phi,0.15100213760133016,357.64916812832064,3.5739592297634637,0.5339323444948633,failed,nan,False,,
andren_lynx_roedeer_data_7,andren_lynx_roedeer,fear_saturating,phi,0.45300641280399045,10.471026325583924,0.611526962540256,0.4462699465955707,usable_limit,0.0,True,0.95,3.841458820694124
andren_lynx_roedeer_data_7,andren_lynx_roedeer,fear_saturating,phi,0.99,7.967840178225702,0.5334470176605338,0.36817000909590797,failed,nan,False,,
andren_lynx_roedeer_data_7,andren_lynx_roedeer,fear_foraging,psi,0.0,12.393805042456226,0.6653088714074363,0.5211832003124297,usable_limit,0.011999339260721944,True,0.95,3.841458820694124
andren_lynx_roedeer_data_7,andren_lynx_roedeer,fear_foraging,psi,1.3259692628118135e-06,12.39375800874178,0.665307609003475,0.5211788924546555,usable_limit,0.01189308081153389,True,0.95,3.841458820694124
andren_lynx_roedeer_data_7,andren_lynx_roedeer,fear_foraging,psi,4.419897542706045e-06,12.393699835989574,0.6653060476199113,0.5211656080291122,usable_limit,0.011761656518492142,True,0.95,3.841458820694124
andren_lynx_roedeer_data_7,andren_lynx_roedeer,fear_foraging,psi,1.3259692628118135e-05,12.393494813748365,0.6653005446989558,0.5211303498977766,usable_limit,0.011298463903506643,True,0.95,3.841458820694124
andren_lynx_roedeer_data_7,andren_lynx_roedeer,fear_foraging,psi,3.97790778843544e-05,12.390456438357912,0.6652189875296145,0.5211709440069827,usable_limit,0.004433173498958211,True,0.95,3.841458820694124
andren_lynx_roedeer_data_7,andren_lynx_roedeer,fear_foraging,psi,0.00013259692628118136,12.388494842109356,0.6651663283428051,0.5205415662029826,success,0.0,True,0.95,3.841458820694124
andren_lynx_roedeer_data_7,andren_lynx_roedeer,fear_handling,psi,0.0,12.393994763686008,0.6653139635778308,0.5211716836168531,usable_limit,1.0251535939296493e-05,True,0.95,3.841458820694124
andren_lynx_roedeer_data_7,andren_lynx_roedeer,fear_handling,psi,1.372912650079585e-06,12.393990225919596,0.6653138417833775,0.5211718713204363,usable_limit,0.0,True,0.95,3.841458820694124
andren_lynx_roedeer_data_7,andren_lynx_roedeer,fear_handling,psi,4.5763755002652835e-06,12.393991484031964,0.6653138755513383,0.5211717797349544,usable_limit,2.8422762859554025e-06,True,0.95,3.841458820694124
andren_lynx_roedeer_data_7,andren_lynx_roedeer,fear_handling,psi,1.3729126500795851e-05,12.393992018295464,0.6653138898910655,0.5211717809582541,usable_limit,4.049262568221555e-06,True,0.95,3.841458820694124
andren_lynx_roedeer_data_7,andren_lynx_roedeer,fear_handling,psi,4.1187379502387554e-05,12.39399512621553,0.6653139733081863,0.5211717384721497,usable_limit,1.1070547626121586e-05,True,0.95,3.841458820694124
andren_lynx_roedeer_data_7,andren_lynx_roedeer,fear_handling,psi,0.0001372912650079585,12.393991218508143,0.6653138684246316,0.5211718637101634,usable_limit,2.2424156957094093e-06,True,0.95,3.841458820694124
timeserieslogmeans_WRHW,killifish_mosquitofish,fear_memory,phi,0.0,4.316395850746297,0.2098686627866585,0.21926261905000957,usable_limit,0.0,True,0.95,3.841458820694124
timeserieslogmeans_WRHW,killifish_mosquitofish,fear_memory,phi,0.006332933030370677,4.316414997500517,0.20986912825592818,0.21936434628264645,success,0.0004347093771605234,True,0.95,3.841458820694124
timeserieslogmeans_WRHW,killifish_mosquitofish,fear_memory,phi,0.021109776767902256,4.3164596873803065,0.20987021469013833,0.2193894661224612,success,0.001449344334646906,True,0.95,3.841458820694124
timeserieslogmeans_WRHW,killifish_mosquitofish,fear_memory,phi,0.06332933030370677,4.316588828132526,0.20987335413735236,0.21955970588217813,usable_limit,0.004381285165463946,True,0.95,3.841458820694124
timeserieslogmeans_WRHW,killifish_mosquitofish,fear_memory,phi,0.1899879909111203,4.316982676882111,0.2098829284188073,0.22013985316907325,success,0.013322469578786087,True,0.95,3.841458820694124
timeserieslogmeans_WRHW,killifish_mosquitofish,fear_memory,phi,0.2,4.317012648407271,0.20988365699487796,0.2202061848915015,success,0.01400285203328561,True,0.95,3.841458820694124
timeserieslogmeans_WRHW,killifish_mosquitofish,fear_foraging,psi,0.0,4.31632915487185,0.20986704136122175,0.21948192572206254,success,6.997021521776849e-05,True,0.95,3.841458820694124
timeserieslogmeans_WRHW,killifish_mosquitofish,fear_foraging,psi,0.006377332474255608,4.316327363204409,0.20986699780430446,0.21949984410735793,success,2.9291332919105852e-05,True,0.95,3.841458820694124
timeserieslogmeans_WRHW,killifish_mosquitofish,fear_foraging,psi,0.02125777491418536,4.31632762889513,0.2098670042634662,0.21923512477509394,success,3.5323704347653065e-05,True,0.95,3.841458820694124
timeserieslogmeans_WRHW,killifish_mosquitofish,fear_foraging,psi,0.06377332474255608,4.316327183682155,0.20986699343996948,0.2196137481982922,success,2.5215372098880938e-05,True,0.95,3.841458820694124
timeserieslogmeans_WRHW,killifish_mosquitofish,fear_foraging,psi,0.19131997422766822,4.316326073092543,0.2098669664406124,0.21949457301833555,success,0.0,True,0.95,3.841458820694124
timeserieslogmeans_WRHW,killifish_mosquitofish,fear_foraging,psi,0.2,4.3163310420988985,0.20986708724126235,0.2194759413966083,success,0.00011281871070783597,True,0.95,3.841458820694124
timeserieslogmeans_WRHW,killifish_mosquitofish,fear_handling,psi,0.0,4.316325641705075,0.20986695595322336,0.21949115929612453,success,0.0,True,0.95,3.841458820694124
timeserieslogmeans_WRHW,killifish_mosquitofish,fear_handling,psi,0.006335873710820425,4.316327000602474,0.2098669889891504,0.21952869111636472,success,3.085307624525985e-05,True,0.95,3.841458820694124
timeserieslogmeans_WRHW,killifish_mosquitofish,fear_handling,psi,0.021119579036068082,4.316326971264463,0.209866988275919,0.21949954073184502,success,3.0186971685804154e-05,True,0.95,3.841458820694124
timeserieslogmeans_WRHW,killifish_mosquitofish,fear_handling,psi,0.06335873710820425,4.316326991424261,0.20986698876602045,0.21952543589172163,success,3.064468961652139e-05,True,0.95,3.841458820694124
timeserieslogmeans_WRHW,killifish_mosquitofish,fear_handling,psi,0.19007621132461275,4.316325819646911,0.20986696027913784,0.21949108464217965,success,4.0400796927808256e-06,True,0.95,3.841458820694124
timeserieslogmeans_WRHW,killifish_mosquitofish,fear_handling,psi,0.2,4.316330920962435,0.20986708429633566,0.2194715855672852,success,0.00011986280642546251,True,0.95,3.841458820694124
timeserieslogmeans_TP,killifish_mosquitofish,fear_instant,phi,0.0,4.354750104170883,0.21298352108034094,0.2718419565635938,failed,nan,False,,
timeserieslogmeans_TP,killifish_mosquitofish,fear_instant,phi,0.00451062138265975,4.354823881090722,0.21298532522538186,0.27159421558970814,failed,nan,False,,
timeserieslogmeans_TP,killifish_mosquitofish,fear_instant,phi,0.015035404608865833,4.3523541631688625,0.21292492229189372,0.26937383882270727,success,0.0,True,0.95,3.841458820694124
timeserieslogmeans_TP,killifish_mosquitofish,fear_instant,phi,0.0451062138265975,4.353110179473779,0.21294341432139166,0.2685560009906832,success,0.016674025094543646,True,0.95,3.841458820694124
timeserieslogmeans_TP,killifish_mosquitofish,fear_instant,phi,0.1353186414797925,4.356762679656304,0.21303273124042035,0.27359462330782464,success,0.09718956045253642,True,0.95,3.841458820694124
timeserieslogmeans_TP,killifish_mosquitofish,fear_instant,phi,0.3311311214825911,4.362221300506421,0.21316614462341002,0.27342775225407057,success,0.21739339871357805,True,0.95,3.841458820694124
timeserieslogmeans_TP,killifish_mosquitofish,fear_memory,phi,0.0,4.37518364369862,0.21348262135794713,0.27358429506411125,success,40.274742919803764,False,0.95,3.841458820694124
timeserieslogmeans_TP,killifish_mosquitofish,fear_memory,phi,0.0020000000000001262,4.38377573492196,0.2136921397059418,0.2755712598855383,success,40.46308516146884,False,0.95,3.841458820694124
timeserieslogmeans_TP,killifish_mosquitofish,fear_memory,phi,0.006666666666667088,4.372426302278485,0.21341533992522863,0.28798385186694087,success,40.214222437812786,False,0.95,3.841458820694124
timeserieslogmeans_TP,killifish_mosquitofish,fear_memory,phi,0.020000000000001263,4.386355385866376,0.21375500447032367,0.2826618806764402,success,40.51956014328958,False,0.95,3.841458820694124
timeserieslogmeans_TP,killifish_mosquitofish,fear_memory,phi,0.060000000000003786,3.273313125183318,0.1846537617289709,0.11324231151696762,usable_limit,12.420742805767876,False,0.95,3.841458820694124
timeserieslogmeans_TP,killifish_mosquitofish,fear_memory,phi,0.20000000000001264,2.876056032765364,0.17308644374407992,0.07562058084303609,usable_limit,0.0,True,0.95,3.841458820694124
timeserieslogmeans_TP,killifish_mosquitofish,fear_saturating,phi,0.0,4.37815697436403,0.2135551493555985,0.28154502407919696,success,0.05259075173414769,True,0.95,3.841458820694124
timeserieslogmeans_TP,killifish_mosquitofish,fear_saturating,phi,0.04250030236431156,4.377130680514458,0.21353011791164014,0.2801647480775607,success,0.03008453288815511,True,0.95,3.841458820694124
timeserieslogmeans_TP,killifish_mosquitofish,fear_saturating,phi,0.1416676745477052,4.375759187801153,0.21349666243978774,0.275787409442729,success,0.0,True,0.95,3.841458820694124
timeserieslogmeans_TP,killifish_mosquitofish,fear_saturating,phi,0.4250030236431156,4.378228906774912,0.21355690368667238,0.276295335756429,success,0.05416800324830201,True,0.95,3.841458820694124
timeserieslogmeans_TP,killifish_mosquitofish,fear_saturating,phi,0.99,4.3803727919521505,0.21360918343905902,0.2771493404946102,success,0.10116477013067658,True,0.95,3.841458820694124
timeserieslogmeans_TP,killifish_mosquitofish,fear_foraging,psi,0.0,4.380758706726745,0.21361859281221346,0.2803109128338023,success,0.03443940672479495,True,0.95,3.841458820694124
timeserieslogmeans_TP,killifish_mosquitofish,fear_foraging,psi,1.4700617334486078e-06,4.383163907043533,0.21367722706230724,0.28292375144545273,success,0.08713253202599133,True,0.95,3.841458820694124
timeserieslogmeans_TP,killifish_mosquitofish,fear_foraging,psi,4.900205778162026e-06,4.380659151581302,0.2136161654985531,0.2795329325286926,success,0.032257729257162186,True,0.95,3.841458820694124
timeserieslogmeans_TP,killifish_mosquitofish,fear_foraging,psi,1.4700617334486078e-05,4.380502041216677,0.21361233484049336,0.2803891560500865,success,0.028814670814642306,True,0.95,3.841458820694124
timeserieslogmeans_TP,killifish_mosquitofish,fear_foraging,psi,4.410185200345823e-05,4.379187418475404,0.21358027907351088,0.2810746713294544,success,0.0,True,0.95,3.841458820694124
timeserieslogmeans_TP,killifish_mosquitofish,fear_foraging,psi,0.00014700617334486077,4.3813167445096335,0.21363219815524534,0.2777993587842044,success,0.04666747472714953,True,0.95,3.841458820694124
timeserieslogmeans_TP,killifish_mosquitofish,fear_handling,psi,0.0,4.3706838338792,0.21337281130197525,0.27957861633079206,success,0.01469248359704877,True,0.95,3.841458820694124
timeserieslogmeans_TP,killifish_mosquitofish,fear_handling,psi,0.0009111330665795501,4.371861960169566,0.21340156689154444,0.274339172340369,success,0.04056598251237806,True,0.95,3.841458820694124
timeserieslogmeans_TP,killifish_mosquitofish,fear_handling,psi,0.0030371102219318336,4.370684941474765,0.2133728383378778,0.2784452645833459,success,0.014716811405874983,True,0.95,3.841458820694124
timeserieslogmeans_TP,killifish_mosquitofish,fear_handling,psi,0.009111330665795501,4.370014966308899,0.21335648392393508,0.2791277298600664,success,0.0,True,0.95,3.841458820694124
timeserieslogmeans_TP,killifish_mosquitofish,fear_handling,psi,0.0273339919973865,4.370520814437302,0.21336883203439505,0.27847614984211067,success,0.01111177200094595,True,0.95,3.841458820694124
timeserieslogmeans_TP,killifish_mosquitofish,fear_handling,psi,0.09111330665795501,4.371951623521525,0.21340375522707158,0.27945768762067313,success,0.042534844658383544,True,0.95,3.841458820694124
timeserieslogmeans_WRGP,killifish_mosquitofish,fear_instant,phi,0.0,53.920476002230664,0.7827724329864525,0.10001242814449302,failed,nan,False,,
timeserieslogmeans_WRGP,killifish_mosquitofish,fear_instant,phi,0.0023231795065249312,8.903233113301736,0.3180771974855271,0.1000124352357569,failed,nan,False,,
timeserieslogmeans_WRGP,killifish_mosquitofish,fear_instant,phi,0.0077439316884164375,9.92979637751247,0.33591456532726494,0.5146162221702035,success,74.87189225676161,False,0.95,3.841458820694124
timeserieslogmeans_WRGP,killifish_mosquitofish,fear_instant,phi,0.023231795065249312,4.240677374388342,0.2195211051768129,0.41572199412204563,usable_limit,0.0,True,0.95,3.841458820694124
timeserieslogmeans_WRGP,killifish_mosquitofish,fear_instant,phi,0.06969538519574794,5.3265884084935164,0.24602726217409498,0.10277112029338271,usable_limit,20.06293917720895,False,0.95,3.841458820694124
timeserieslogmeans_WRGP,killifish_mosquitofish,fear_instant,phi,0.2,4.783449748607198,0.23314669954108289,0.10878487832459567,usable_limit,10.598629917473234,False,0.95,3.841458820694124
timeserieslogmeans_WRGP,killifish_mosquitofish,fear_foraging,psi,0.0,6.271413473898535,0.2669570418688978,0.3408038052596987,success,0.0,True,0.95,3.841458820694124
timeserieslogmeans_WRGP,killifish_mosquitofish,fear_foraging,psi,0.0063245553203400435,6.271431124307835,0.266957417533631,0.3408038106026197,failed,nan,False,,
timeserieslogmeans_WRGP,killifish_mosquitofish,fear_foraging,psi,0.021081851067800143,6.27146742503145,0.2669581901430415,0.3408038227044199,success,0.0007570349642711733,True,0.95,3.841458820694124
timeserieslogmeans_WRGP,killifish_mosquitofish,fear_foraging,psi,0.06324555320340043,6.2715446372881685,0.266959833488966,0.34080384422191107,failed,nan,False,,
timeserieslogmeans_WRGP,killifish_mosquitofish,fear_foraging,psi,0.1897366596102013,6.271666871401608,0.2669624350362291,0.34080379724346155,success,0.003555582785018432,True,0.95,3.841458820694124
timeserieslogmeans_WRGP,killifish_mosquitofish,fear_foraging,psi,0.2,6.271673192193684,0.26696256956295483,0.34080379547400064,success,0.0036442720336326336,True,0.95,3.841458820694124
timeserieslogmeans_WRGP,killifish_mosquitofish,fear_handling,psi,0.0,4.788118095980508,0.23326044008547486,0.2541138588765671,usable_limit,0.001084620443633098,True,0.95,3.841458820694124
timeserieslogmeans_WRGP,killifish_mosquitofish,fear_handling,psi,0.003632175478570488,4.788373579459722,0.23326666313518551,0.25377458849796763,success,0.005779982156067393,True,0.95,3.841458820694124
timeserieslogmeans_WRGP,killifish_mosquitofish,fear_handling,psi,0.01210725159523496,4.78836619203968,0.23326648319522694,0.25434279412803135,success,0.00564421717148565,True,0.95,3.841458820694124
timeserieslogmeans_WRGP,killifish_mosquitofish,fear_handling,psi,0.03632175478570488,4.788515080099198,0.23327010972697795,0.25379083872330155,failed,nan,False,,
timeserieslogmeans_WRGP,killifish_mosquitofish,fear_handling,psi,0.10896526435711465,4.788059081676312,0.23325900259534735,0.2535401551136255,usable_limit,0.0,True,0.95,3.841458820694124
timeserieslogmeans_WRGP,killifish_mosquitofish,fear_handling,psi,0.2,4.788137228841891,0.23326090612819964,0.25388859486071824,success,0.0014362593138649651,True,0.95,3.841458820694124
