series,m0,m0_over_y0,rmse_normalized_prey,rmse_normalized_predator,rmse_normalized_total,validation_rmse_normalized_prey,validation_rmse_normalized_predator,validation_rmse_normalized_total
andren_lynx_roedeer_data_1,0.0,0.0,0.06367668094587557,0.07281619299807544,0.06839926044562107,0.08639828890853879,0.0361643042410659,0.06622885031300073
andren_lynx_roedeer_data_1,1.0256410256410258,0.25,0.058704324315455095,0.06923519437939785,0.06418609597914153,0.08619427832193022,0.03619028053058257,0.06610291226686095
andren_lynx_roedeer_data_1,2.0512820512820515,0.5,0.05513254577559013,0.06685939316600215,0.0612771411630128,0.08590929678867243,0.03616059759073105,0.06590901339286982
andren_lynx_roedeer_data_1,3.0769230769230775,0.75,0.05320223562640139,0.06572714859984986,0.05979354454585327,0.08547712721695352,0.03606612829195982,0.06560146677946829
andren_lynx_roedeer_data_1,4.102564102564103,1.0,0.052849421526103876,0.06565467368064795,0.05959696943535041,0.08497081773944855,0.035922670139857504,0.06523219334533982
andren_lynx_roedeer_data_1,6.153846153846155,1.5,0.0564094357238476,0.06857625114401837,0.06278824197113013,0.08352406676579634,0.03546478506839323,0.06416393344023
andren_lynx_roedeer_data_1,8.205128205128206,2.0,0.06365576054963076,0.07439328677383292,0.06923300140888618,0.08161962226759244,0.034858112230364856,0.0627568750312234
andren_lynx_roedeer_data_1,12.30769230769231,3.0,0.08229491484133124,0.09061501122249489,0.08655499196347613,0.07659072848445717,0.03364480891318106,0.05915282265701403
andren_lynx_roedeer_data_1,20.512820512820515,5.0,0.11680697343604368,0.1258514129450962,0.12141344073776542,0.06311541083660341,0.036102283626709177,0.05141463783854064
andren_lynx_roedeer_data_2,0.0,0.0,0.06001414337152175,0.1314451975222697,0.10217518621535775,0.0674492832767074,0.09658531396372448,0.083301046476058
andren_lynx_roedeer_data_2,0.3005804311774461,0.25,0.05853169903253365,0.13151908601026302,0.10179201780250273,0.0670163782745658,0.09687744649781274,0.08329596207793108
andren_lynx_roedeer_data_2,0.6011608623548922,0.5,0.05718847075287485,0.13163222511614034,0.10148291451293334,0.06659990958531528,0.09716148965483996,0.08329436664240789
andren_lynx_roedeer_data_2,0.9017412935323383,0.75,0.05592562558764241,0.13176268476923747,0.10121531676324143,0.0661711514516279,0.09745725641840819,0.08329627276486519
andren_lynx_roedeer_data_2,1.2023217247097844,1.0,0.054837675606933825,0.13199275179740771,0.10106744578009128,0.06570034513261737,0.09778353665121396,0.08330112661472336
andren_lynx_roedeer_data_2,1.8034825870646767,1.5,0.05307882670022126,0.13263112954754974,0.10101578680812975,0.06484010546205057,0.09842852215736865,0.08334390574725141
andren_lynx_roedeer_data_2,2.4046434494195688,2.0,0.05194142768164689,0.13348151761496022,0.10127987819503113,0.06394604246986002,0.09912117871217,0.08340894561390608
andren_lynx_roedeer_data_2,3.6069651741293534,3.0,0.05162575922576115,0.13577739123712818,0.1027149428924449,0.06213361050153058,0.10063174796317018,0.0836281479290284
andren_lynx_roedeer_data_2,6.011608623548922,5.0,0.057379994014487345,0.14247901149377118,0.10861107777143358,0.05852736989748251,0.10411321297976026,0.08445417143068086
andren_lynx_roedeer_data_7,0.0,0.0,0.07459421989998627,0.07602720723180256,0.07531412178985744,0.15022321810366723,0.22539549121053196,0.19153347320437092
andren_lynx_roedeer_data_7,0.019387359441644048,0.25,0.07458026311343677,0.07597243940903531,0.07527956959171925,0.15023495383471508,0.22544091244887285,0.19156480151570032
andren_lynx_roedeer_data_7,0.038774718883288095,0.5,0.07458583677742385,0.07600230496752881,0.07529740170871027,0.1502374970973651,0.2254524387237084,0.19157258110250053
andren_lynx_roedeer_data_7,0.05816207832493214,0.75,0.07459840503385255,0.07607699826094563,0.07534132895692325,0.15023795196195622,0.22546114037528064,0.19157787976309407
andren_lynx_roedeer_data_7,0.07754943776657619,1.0,0.07459877872111997,0.07608843639024694,0.07534728906535151,0.15023748372765122,0.22546459928086468,0.19157973150322707
andren_lynx_roedeer_data_7,0.11632415664986429,1.5,0.07459177402648211,0.07602968354293231,0.07531416046155,0.1502239496778659,0.2254012633767968,0.1915371564327325
andren_lynx_roedeer_data_7,0.15509887553315238,2.0,0.07458497930281671,0.07597558060012333,0.07528349083672806,0.15022529206503965,0.22539896711975735,0.19153633174241372
andren_lynx_roedeer_data_7,0.23264831329972857,3.0,0.07459505359645478,0.07608192455847645,0.07534215707550343,0.1502350635461249,0.22545980669319868,0.1915759624181002
andren_lynx_roedeer_data_7,0.38774718883288095,5.0,0.07458519624023072,0.0759914284421577,0.07529159546348219,0.1502387185913924,0.22545867439916611,0.19157672930945033
timeserieslogmeans_WRHW,0.0,0.0,inf,inf,inf,inf,inf,inf
timeserieslogmeans_WRHW,0.4245609131154361,0.25,0.1627796847533402,0.2017918726278161,0.18332646512033876,0.02477511129097628,0.21583653781566323,0.1536216410466515
timeserieslogmeans_WRHW,0.8491218262308722,0.5,0.16277968293646639,0.20178595082289488,0.18332320519562745,0.02477511129097628,0.21583053375037242,0.15361742322804878
timeserieslogmeans_WRHW,1.2736827393463082,0.75,inf,inf,inf,inf,inf,inf
timeserieslogmeans_WRHW,1.6982436524617444,1.0,0.1627796858874559,0.2017923448460857,0.18332672551499463,0.02477511129097628,0.21583681224437512,0.15362183383115482
timeserieslogmeans_WRHW,2.5473654786926163,1.5,0.16277968310402885,0.20178728428182321,0.18332393914773024,0.02477511129097628,0.21584309626324558,0.15362624831711694
timeserieslogmeans_WRHW,3.3964873049234887,2.0,inf,inf,inf,inf,inf,inf
timeserieslogmeans_WRHW,5.094730957385233,3.0,0.1627796809662475,0.20178829487439628,0.18332449438603343,0.02477511129097628,0.2158430642725993,0.1536262258438736
timeserieslogmeans_WRHW,8.491218262308722,5.0,0.16277967886938774,0.20178913052305195,0.18332495336160637,0.02477511129097628,0.21584326644998356,0.1536263678723136
timeserieslogmeans_TP,0.0,0.0,0.16192885862699086,0.1903775704066408,0.17672658907218158,0.031710193385844014,0.12218607999294746,0.08926078228598096
timeserieslogmeans_TP,2.0794094277566777,0.25,0.16193979161936825,0.19037573003349015,0.17673060670906543,0.03170642618680558,0.12219421011886156,0.08926567774937869
timeserieslogmeans_TP,4.158818855513355,0.5,0.16195484518019823,0.1903793838593275,0.17673947164682705,0.031685662705268104,0.12219595229997407,0.08926318384297513
timeserieslogmeans_TP,6.238228283270033,0.75,0.161966639217036,0.19038114358458014,0.1767458232205701,0.031701176991212825,0.12221006561224115,0.08927559789655987
timeserieslogmeans_TP,8.31763771102671,1.0,0.1619315874029901,0.190375761002147,0.17672686464711415,0.031699698968823214,0.12221607712957502,0.08927945010935116
timeserieslogmeans_TP,12.476456566540065,1.5,0.1619448216227665,0.19037573427628493,0.17673291353291315,0.031676101376212705,0.12222472935017106,0.0892811846446906
timeserieslogmeans_TP,16.63527542205342,2.0,0.16193202720569155,0.19037233128058775,0.17672521884574183,0.031689104413544396,0.12224474739613414,0.0892971936974426
timeserieslogmeans_TP,24.95291313308013,3.0,0.1619560297108571,0.1903773369419398,0.17673891193057756,0.031658413220812164,0.12226724950766338,0.0893071537723292
timeserieslogmeans_TP,41.588188555133556,5.0,0.16195325247402062,0.190372766740084,0.17673517802518587,0.03166721881692319,0.1223353303920133,0.08935531827966914
windermere_north_pike_perch,0.0,0.0,2.8215839946311014,0.2212197683241583,2.0012838909879576,14.082163266620809,0.4133613828032442,9.961882098794321
windermere_north_pike_perch,2.45,0.25,2.1903259302823073,0.2212046569234524,1.5566726022371686,13.149984337278207,0.41374426746847,9.303044458389017
windermere_north_pike_perch,4.9,0.5,1.5048196631459665,0.2212048773811042,1.0755030953855802,11.748775837679121,0.4143682613929468,8.312804422698834
windermere_north_pike_perch,7.3500000000000005,0.75,0.7669722755597911,0.22128371602344035,0.5644523693167152,9.394770996805828,0.4155021207454043,6.649600141917103
windermere_north_pike_perch,9.8,1.0,0.049252945295902455,0.22193206710226246,0.16074777607886878,4.277689031207687,0.41875764651613906,3.039241798066608
windermere_north_pike_perch,14.700000000000001,1.5,0.3086049901261132,0.24302625618482546,0.27775780918450416,0.81828206807993,0.4900466909016153,0.6744372847807238
windermere_north_pike_perch,19.6,2.0,0.3134714611887456,0.24667871738094893,0.28205916630072253,0.8182820687368,0.49728550276624617,0.677081389227933
windermere_north_pike_perch,29.400000000000002,3.0,0.31848615007862185,0.24653096723491402,0.28479022595384546,0.8182820687400538,0.5027851258453604,0.6791091321697997
windermere_north_pike_perch,49.0,5.0,0.32172549523822924,0.2435507013880188,0.2853280904790832,0.818282068740071,0.5064411266604805,0.6804660751259636
windermere_south_pike_perch,0.0,0.0,0.06643809668727538,0.18814132342156603,0.14108716857008305,2.195790943767662,0.3613759127782356,1.5735454265874218
windermere_south_pike_perch,1.725,0.25,0.06219085645108007,0.18804668969944516,0.14005224049089374,2.1275208493069138,0.3562771999566774,1.5253324895649114
windermere_south_pike_perch,3.45,0.5,0.059546908751763425,0.1879536422510394,0.13941378335251242,2.0621555668512683,0.35133239722072357,1.4791754519380953
windermere_south_pike_perch,5.175000000000001,0.75,0.057736850671444226,0.18790926347984832,0.13900258131954907,1.9979697071981326,0.346463271202628,1.4338618743055096
windermere_south_pike_perch,6.9,1.0,0.057097401428011854,0.18788086637087564,0.1388512390980044,1.9334593121255423,0.34156728524708413,1.3883322948768493
windermere_south_pike_perch,10.350000000000001,1.5,0.05918429832052862,0.18795627258673803,0.13933833207770485,1.8102511269558752,0.3321620818648975,1.3014109249721701
windermere_south_pike_perch,13.8,2.0,0.06488812946126965,0.1881334020117324,0.1407207275021889,1.6927710987332236,0.3231592188933622,1.2185864502492743
windermere_south_pike_perch,20.700000000000003,3.0,0.08258431010451733,0.18884538267936563,0.14574420543327807,1.472354611381399,0.3064210559938695,1.0634194763150777
windermere_south_pike_perch,34.5,5.0,0.12474074980309588,0.1916356642212667,0.16168562469026837,1.0927760795992616,0.27945312904016184,0.7975755799529815
komi_lynx_hare,0.0,0.0,0.22733648725698713,0.2976184828053014,0.26481940992464637,0.5229536751915982,0.6833878989661384,0.6084815390994835
komi_lynx_hare,4.5,0.25,0.22750324935951524,0.2977892966046705,0.2649869748133314,0.5229493355901148,0.6833857459648762,0.6084784652648411
komi_lynx_hare,9.0,0.5,0.22762311734551968,0.29820474300997124,0.2652718909946314,0.5229455392077069,0.6833825224202043,0.6084750236972098
komi_lynx_hare,13.5,0.75,0.227758864545364,0.298726316308361,0.2656233352269303,0.5229425515261336,0.6833783971840215,0.6084714232954844
komi_lynx_hare,18.0,1.0,0.22783108867323454,0.29939905548898826,0.2660327041866559,0.5229383009345626,0.6833743991301553,0.6084673516183214
komi_lynx_hare,27.0,1.5,0.22800125373343805,0.3010675977172789,0.26704519289745027,0.5229281698276769,0.6833694766883396,0.6084602338972609
komi_lynx_hare,36.0,2.0,0.22811877815075446,0.3031054889982522,0.2682453302537275,0.5229190495309688,0.683364933713349,0.6084537636465986
komi_lynx_hare,54.0,3.0,0.22839822846649943,0.3081799088496784,0.2712384624138245,0.5229010405648715,0.6833506640249064,0.6084380117345998
komi_lynx_hare,90.0,5.0,0.22943932764372144,0.32092336387867454,0.27895717462794095,0.5228634422647827,0.6833243359869045,0.6084070707219476
glerl_m110_zoop_1994-201,0.0,0.0,0.16151774815643527,0.17936432663903562,0.17067446299930214,0.3507613430713968,0.1884106412092301,0.2815422610498497
glerl_m110_zoop_1994-201,0.016,0.25,0.16151800823917412,0.1793659518706838,0.17067544005513266,0.35075993144474354,0.18840648381337186,0.28153999063191676
glerl_m110_zoop_1994-201,0.032,0.5,0.16151839285195763,0.1793609736961645,0.17067300623519163,0.35076101961070244,0.18840992474028884,0.281541819823433
glerl_m110_zoop_1994-201,0.048,0.75,0.1615182244625544,0.17936414107672433,0.17067459087064948,0.35075796430264367,0.18841452283223403,0.2815414551498882
glerl_m110_zoop_1994-201,0.064,1.0,0.16151651677994244,0.17936425486811872,0.17067384263137816,0.35076124392735425,0.18840841022241628,0.2815414527951463
glerl_m110_zoop_1994-201,0.096,1.5,0.16151856905617423,0.17936586927729664,0.17067566201944903,0.3507590098730029,0.18841056119347296,0.2815407808616087
glerl_m110_zoop_1994-201,0.128,2.0,0.16151846276427126,0.1793683183212717,0.17067689859956786,0.3507602336074537,0.18840680993673756,0.28154028797926367
glerl_m110_zoop_1994-201,0.192,3.0,0.1615177810325983,0.17936959159632182,0.1706772450842901,0.35075840855091595,0.18839972119495832,0.28153677922743
glerl_m110_zoop_1994-201,0.32,5.0,0.16151741490734062,0.1793687017061639,0.17067660424045353,0.3507554794390066,0.188407112205783,0.2815374276061798
andren_lynx_roedeer_data_3,0.0,0.0,0.04847678426943907,0.15237382308864775,0.11306586703279699,0.05387675261733625,0.09240498050325517,0.07563525928558922
andren_lynx_roedeer_data_3,0.25835866261398177,0.25,0.048481599239441446,0.15236855369122612,0.11306334865633925,0.053877787618110545,0.09238679429545653,0.07562451903586967
andren_lynx_roedeer_data_3,0.5167173252279635,0.5,0.048450841897379145,0.15236129919319388,0.11305186768117272,0.05387795853426725,0.09238221390212824,0.07562178211758433
andren_lynx_roedeer_data_3,0.7750759878419453,0.75,0.04843477778987387,0.152404632903052,0.11307762782679097,0.05387739850767173,0.0923802078026623,0.07562035725787579
andren_lynx_roedeer_data_3,1.033434650455927,1.0,0.0485066862990892,0.152379829643631,0.11307632620920315,0.053876829950924146,0.0924051389083373,0.07563538359203949
andren_lynx_roedeer_data_3,1.5501519756838906,1.5,0.0484820059872269,0.15238990815087458,0.11307782499406657,0.05387664067824909,0.09240480933701455,0.07563511485871882
andren_lynx_roedeer_data_3,2.066869300911854,2.0,0.04843585608166185,0.1523648840347451,0.11305107262048597,0.05387758703524227,0.09238028556664218,0.07562047191771043
andren_lynx_roedeer_data_3,3.1003039513677813,3.0,0.04846266381041419,0.15237970994373587,0.11306680721179471,0.05387712883865718,0.09240640438865759,0.07563626307511954
andren_lynx_roedeer_data_3,5.167173252279635,5.0,0.0484408432350285,0.15238321698848314,0.11306449511911276,0.0538789727568214,0.09239201901776357,0.07562813260787643
andren_lynx_roedeer_data_4,0.0,0.0,0.03757947852987369,0.0675167388052933,0.05463848106179122,0.057552708434971504,0.07216794295784386,0.06527069112154185
andren_lynx_roedeer_data_4,0.42517006802721086,0.25,0.03761591918880096,0.0675331449731025,0.054661151864813844,0.05755285903263541,0.07217476883017136,0.06527453116843919
andren_lynx_roedeer_data_4,0.8503401360544217,0.5,0.03757969781697698,0.06746796069372413,0.05460842154917686,0.05755347038617582,0.07217033820905339,0.06527235123197864
andren_lynx_roedeer_data_4,1.2755102040816326,0.75,0.03757167136940127,0.06750569707063472,0.0546289741185142,0.057553929616964136,0.07218141430393503,0.06527867716670879
andren_lynx_roedeer_data_4,1.7006802721088434,1.0,0.03755300866754037,0.06752645033658938,0.05463538210282891,0.05755391697171219,0.07218134526276916,0.06527863342139535
andren_lynx_roedeer_data_4,2.5510204081632653,1.5,0.03755963444111219,0.06746180220152256,0.0545977146757414,0.05755129308171505,0.07216992050847053,0.065271160406325
andren_lynx_roedeer_data_4,3.401360544217687,2.0,0.03757459782111016,0.06745544608038966,0.054598935920595254,0.057552762343071516,0.07218235672970573,0.06527868364317929
andren_lynx_roedeer_data_4,5.1020408163265305,3.0,0.03758719630131472,0.06741415682461209,0.05457776958692504,0.057551272039777425,0.07217005725679423,0.06527122673064076
andren_lynx_roedeer_data_4,8.503401360544217,5.0,0.03756942386962933,0.06745861948943876,0.05459911607946031,0.05755308281046545,0.07217016082780806,0.06527208229748754
andren_lynx_roedeer_data_5,0.0,0.0,0.03714419593495914,0.07921607317087266,0.06186629753051206,0.06717678979736882,0.05264631196802313,0.06035045671456965
andren_lynx_roedeer_data_5,0.15678449258836946,0.25,0.03712302798948869,0.07920537205621407,0.06185309276694115,0.06717747751981268,0.05263825620012969,0.06034732596277746
andren_lynx_roedeer_data_5,0.3135689851767389,0.5,0.03712326860857641,0.07918543223194806,0.061840398405673916,0.06717388540377624,0.05266102675032657,0.060355259168685026
andren_lynx_roedeer_data_5,0.4703534777651084,0.75,0.037154383695979044,0.07918836676615,0.06185161945704544,0.06717790260520486,0.05263493941041302,0.060346116052204385
andren_lynx_roedeer_data_5,0.6271379703534778,1.0,0.03709262108752073,0.07920037474953004,0.061840770934749774,0.06717723501574409,0.05264054554786917,0.0603481894506281
andren_lynx_roedeer_data_5,0.9407069555302168,1.5,0.03712088309036054,0.07916666001353154,0.061827663788575696,0.067174331200505,0.052644982916555116,0.06034850867469518
andren_lynx_roedeer_data_5,1.2542759407069557,2.0,0.0371244619704603,0.07918612982309148,0.061841203226310405,0.06717841431358215,0.052631696056060905,0.06034498645051169
andren_lynx_roedeer_data_5,1.8814139110604335,3.0,0.03711620460600927,0.07918329863398459,0.06183691222447128,0.0671803600420144,0.05262306464261953,0.0603423056725379
andren_lynx_roedeer_data_5,3.1356898517673892,5.0,0.03712621412450258,0.07919214746996733,0.06184558187988642,0.0671739358047715,0.052664001598640424,0.060356585042086186
andren_lynx_roedeer_data_6,0.0,0.0,0.04189276702141924,0.10970093501595132,0.08303402637498945,0.05161137281981505,0.250979438873573,0.18118279794400943
andren_lynx_roedeer_data_6,0.07328308207705193,0.25,0.04190150290991556,0.10966795973668188,0.08301444855841705,0.0516119616370547,0.25097632355768185,0.18118072409966104
andren_lynx_roedeer_data_6,0.14656616415410387,0.5,0.04189396641940518,0.10969275382310474,0.08302892466979958,0.0516113538188032,0.2509822612558268,0.18118475005929416
andren_lynx_roedeer_data_6,0.21984924623115581,0.75,0.0419253305363716,0.10962788558366737,0.08299399568080115,0.05161443806678695,0.2510107275452151,0.1812049055071749
andren_lynx_roedeer_data_6,0.29313232830820773,1.0,0.0419297306011093,0.10960269046816265,0.08297846728562017,0.0516129511180214,0.2509769839078419,0.1811813224018806
andren_lynx_roedeer_data_6,0.43969849246231163,1.5,0.041914233104291904,0.10964200520485466,0.08300051879977106,0.05161450327566655,0.25097965155600876,0.18118339113115386
andren_lynx_roedeer_data_6,0.5862646566164155,2.0,0.041891971309285334,0.10970133834582108,0.08303409207982676,0.05161135722947585,0.25097988043913466,0.1811831015579418
andren_lynx_roedeer_data_6,0.8793969849246233,3.0,0.041929836551010805,0.1095963282872008,0.0829742923056002,0.05161428047303594,0.25099481582372857,0.18119386236726764
andren_lynx_roedeer_data_6,1.4656616415410386,5.0,0.041903081726820085,0.1097045606322375,0.08303902360251124,0.05161188086627996,0.2509913562946195,0.18119112448070918
timeserieslogmeans_WRGP,0.0,0.0,0.22766721636754872,0.18002118894536084,0.2052315641876872,0.26334800173831446,0.0035497202260578033,0.18623207367857791
timeserieslogmeans_WRGP,1.6902074384799544,0.25,0.22765021356129045,0.18002116436996587,0.20522212277873386,0.2633539747814817,0.0035497198489004367,0.18623629687068385
timeserieslogmeans_WRGP,3.3804148769599087,0.5,0.22765537700900113,0.18002113985610613,0.20522497591204897,0.2633459865653977,0.003549719758328148,0.18623064886111695
timeserieslogmeans_WRGP,5.070622315439863,0.75,0.22767098900985583,0.18002118276155277,0.20523365401365623,0.2633147535078503,0.0035497199753706152,0.18620856576269995
timeserieslogmeans_WRGP,6.760829753919817,1.0,0.22765217009879382,0.18002115883944103,0.2052232055355649,0.26335302150219037,0.0035497198218684576,0.18623562286139958
timeserieslogmeans_WRGP,10.141244630879726,1.5,0.2276713296765162,0.18002115538546412,0.205233830962381,0.26332225305861706,0.003549719925001436,0.1862138682636343
timeserieslogmeans_WRGP,13.521659507839635,2.0,0.22765041400948785,0.1800211832566355,0.2052222422397367,0.2633539616282255,0.0035497200205960554,0.18623628757240823
timeserieslogmeans_WRGP,20.28248926175945,3.0,0.22767190723481087,0.18002118579436288,0.2052341646494862,0.26331598087618047,0.0035497199677445405,0.18620943356424569
timeserieslogmeans_WRGP,33.80414876959909,5.0,0.2276721323754688,0.1800211600394463,0.20523427823141646,0.2633198391748902,0.003549719947660558,0.18621216154536854
isle_royale_wolf_moose_pre_2018,0.0,0.0,0.17721919401650263,0.10620671145908779,0.14609330629226777,0.15300308130065404,0.28436600671533585,0.2283352454864568
isle_royale_wolf_moose_pre_2018,12.5,0.25,0.17721838721995894,0.10618614653598163,0.14608534232599152,0.15300326199261227,0.2843723203447416,0.2283392374939448
isle_royale_wolf_moose_pre_2018,25.0,0.5,0.177200797001132,0.10617646502744775,0.14607115420842204,0.15301443835329198,0.2843579446831793,0.2283340305878818
isle_royale_wolf_moose_pre_2018,37.5,0.75,0.1772108949458939,0.10619764090816755,0.14608497565113385,0.15300393306899696,0.28434837430256965,0.22832455135518867
isle_royale_wolf_moose_pre_2018,50.0,1.0,0.17721308507684558,0.10623503624189512,0.1460998980967647,0.15300361878049545,0.2843525021521334,0.22832701640422035
isle_royale_wolf_moose_pre_2018,75.0,1.5,0.1772006927544313,0.10625575113319195,0.14609991471853978,0.15301680999326175,0.28434659285933517,0.22832775675684558
isle_royale_wolf_moose_pre_2018,100.0,2.0,0.17720231308900308,0.1062102406865896,0.1460843506177105,0.15301308265895994,0.284363577297785,0.22833708367060207
isle_royale_wolf_moose_pre_2018,150.0,3.0,0.17720350500868184,0.10620536186619081,0.14608329999779313,0.15301733208796517,0.28431694105462807,0.22830946858373993
isle_royale_wolf_moose_pre_2018,250.0,5.0,0.17721357484046033,0.10620043997013152,0.14608761849928442,0.15300350147143435,0.284354275937546,0.2283280816133719
