series,m0,m0_over_y0,rmse_normalized_prey,rmse_normalized_predator,rmse_normalized_total,validation_rmse_normalized_prey,validation_rmse_normalized_predator,validation_rmse_normalized_total,profile_rss,profile_likelihood_ratio,inside_confidence_interval,confidence_level,likelihood_ratio_threshold,optimization_status,r,K,a,theta,e,mu,phi,delta
andren_lynx_roedeer_data_1,0.0,0.0,0.051957894984081245,0.0640827695683076,0.05833619891080333,0.09208086628571296,0.03370253642957619,0.06933522516626833,0.12931825992771084,0.003147426815799703,True,0.95,3.841458820694124,success,0.838601146994177,153.3505910797326,0.06929240773814443,3.0956822079560014e-06,0.01970906777282084,0.1814068476641693,0.2,1.0
andren_lynx_roedeer_data_1,1.0256410256410258,0.25,0.05144330949381821,0.06449221967890505,0.05833378305402845,0.09064289059974924,0.03390993840894988,0.06843251251845457,0.12930754932498933,0.0,True,0.95,3.841458820694124,usable_limit,0.770942333542515,154.34352346727064,0.06154527235046362,3.125845529803022e-06,0.023136226781500794,0.18567726111362326,0.2,1.0
andren_lynx_roedeer_data_1,2.0512820512820515,0.5,0.05143130688097289,0.06494935142102326,0.05858155672861718,0.09120130813451144,0.034621365884103056,0.06897940845327334,0.13040835397243133,0.32212757530551844,True,0.95,3.841458820694124,success,0.7194305509268084,154.583906801947,0.0554638365286201,3.1184877766056574e-06,0.026790675347705014,0.18995065776543382,0.2,1.0
andren_lynx_roedeer_data_1,3.0769230769230775,0.75,0.05191639966863934,0.06535955397329729,0.05902196137939782,0.08916218067361129,0.03536305095183738,0.06782492106554916,0.13237649315270286,0.8913437086421242,True,0.95,3.841458820694124,success,0.6671866096054443,155.43149510566352,0.04968846690654402,3.109154467955258e-06,0.030692672982273794,0.19299536334345202,0.2,1.0
andren_lynx_roedeer_data_1,4.102564102564103,1.0,0.05284998268389307,0.06565419963882019,0.05959695713667709,0.08494654997691876,0.03590770506638135,0.0652122673893317,0.1349682973981352,1.6281573701090715,True,0.95,3.841458820694124,success,0.6161212737340466,157.12865608365178,0.04870699756509003,3.1017789968473562e-06,0.031735397323435895,0.19486063728899775,0.19474009729438338,1.0
andren_lynx_roedeer_data_1,6.153846153846155,1.5,0.05426114044072059,0.06640234309116858,0.060636385652200885,0.08856620569103867,0.0401955684442747,0.0687737468554162,0.13971730806857247,2.9422443519970294,True,0.95,3.841458820694124,usable_limit,0.5573517867300907,158.217308040173,0.08012707922755044,3.005379078002348e-06,0.021148450966939247,0.20547068769049295,0.13281794725487117,1.0
andren_lynx_roedeer_data_1,8.205128205128206,2.0,0.053911630203251446,0.06597633533999664,0.060246745538941035,0.08752898336589307,0.037812609619947805,0.06742075487317446,0.13792747322528864,2.4523041780384034,True,0.95,3.841458820694124,usable_limit,0.5604975031893366,161.1538543631866,0.16489414229709126,3.0015841272543177e-06,0.010000000000000004,0.20261384183700812,0.0031395567585745282,1.0
andren_lynx_roedeer_data_1,12.30769230769231,3.0,0.054258767143970835,0.06604951025965408,0.06044233457405413,0.08583516350589229,0.038252019579841305,0.06644882352615368,0.13882448073295217,2.698635986484901,True,0.95,3.841458820694124,success,0.5569008088517876,162.0077646141071,0.15774942611981335,3.45673814329489e-06,0.010227665874797188,0.1989374903238815,0.013807810908147112,1.0
andren_lynx_roedeer_data_1,20.512820512820515,5.0,0.05395368283833611,0.06594558117270688,0.06024873263408051,0.08769718109100844,0.03781557068879807,0.06753078171407692,0.13793657179249086,2.454810815348004,True,0.95,3.841458820694124,usable_limit,0.5588869110630367,161.10218287237186,0.1659476120015734,3.209049224932629e-06,0.010000000000000004,0.2036434247247047,0.000475594360300753,1.0
andren_lynx_roedeer_data_2,0.0,0.0,0.05660026581655988,0.13195089789470107,0.1015249465543397,0.07579628711340168,0.10167041890242995,0.08967148716278996,0.3916779613687383,0.8359880731287812,True,0.95,3.841458820694124,success,0.6809701547307098,55.15383883503324,0.2523865499193289,9.986986642450875e-10,0.010000000000000004,0.1123911825828484,0.2,1.0
andren_lynx_roedeer_data_2,0.3005804311774461,0.25,0.05636197971034832,0.13186498705726035,0.10140277996307882,0.07356080898744272,0.10104954217382735,0.08838043503068749,0.39073590380114204,0.7444809911066023,True,0.95,3.841458820694124,success,0.6599677138056741,55.96508278298964,0.24992836228533857,9.973583510478675e-10,0.010000000000000004,0.11158040850621873,0.2,1.0
andren_lynx_roedeer_data_2,0.6011608623548922,0.5,0.0555494775468532,0.13200521980722324,0.10126974501814862,0.07085348001234731,0.09954007990200855,0.08639572656317658,0.38971132772955175,0.6447076521427355,True,0.95,3.841458820694124,success,0.6442414939142032,57.0502483343614,0.2507690606735974,1.0005889137430587e-09,0.010000000000000004,0.11164452307138899,0.2,1.0
andren_lynx_roedeer_data_2,0.9017412935323383,0.75,0.05518344074563229,0.13198750542009255,0.10115807856900424,0.06825769082938558,0.0987018025649986,0.08485622601477145,0.38885236067136775,0.5608589909713776,True,0.95,3.841458820694124,success,0.6256100859497654,58.05169480796769,0.2493477013805459,9.989823319627239e-10,0.010000000000000004,0.11113292248121098,0.2,1.0
andren_lynx_roedeer_data_2,1.2023217247097844,1.0,0.05489498833465573,0.1319688987080281,0.10106742791441704,0.0656434114611743,0.09781640961243226,0.08329798154135597,0.3881557494389637,0.49272267790296814,True,0.95,3.841458820694124,success,0.6084638514190334,59.103584644790814,0.24827937509875833,9.988481569088759e-10,0.010000000000000004,0.11072008632695401,0.2,1.0
andren_lynx_roedeer_data_2,1.8034825870646767,1.5,0.05393015636890296,0.13211163202576467,0.10090080545388469,0.0628070561113913,0.0959123466030863,0.08106757837844306,0.3868769565672221,0.36732365190554445,True,0.95,3.841458820694124,success,0.5883761606292788,60.47999586739416,0.2467694425408316,9.991134435248597e-10,0.010000000000000004,0.1098473030032212,0.2,1.0
andren_lynx_roedeer_data_2,2.4046434494195688,2.0,0.05341531979641096,0.13207979714734952,0.10074291340694354,0.058120774820956456,0.09444726938465506,0.07841655169671109,0.38566711486531907,0.24830384719463647,True,0.95,3.841458820694124,success,0.5605346238770949,62.532054414341374,0.2441465454839695,9.985853553137104e-10,0.010000000000000004,0.10891601800683717,0.2,1.0
andren_lynx_roedeer_data_2,3.6069651741293534,3.0,0.05286088309186552,0.13197351340931657,0.10052681533514064,0.049743052688792554,0.0918580250525804,0.0738656485024009,0.38401434285416775,nan,False,,,failed,0.5113771905384633,66.88612216436194,0.23872856293335667,9.99562627372788e-10,0.010000000000000004,0.10692920123503756,0.2,1.0
andren_lynx_roedeer_data_2,6.011608623548922,5.0,0.05336678020597318,0.13159807427227488,0.10041430769995835,0.03839793651408963,0.08876614771962828,0.06838797595163541,0.3831552612527528,0.0,True,0.95,3.841458820694124,success,0.4338356997678254,76.18048963278926,0.22547832777886648,1.001301467765465e-09,0.010000000000000004,0.10252444260766423,0.2,1.0
andren_lynx_roedeer_data_7,0.0,0.0,0.0746924613098555,0.07493417892397268,0.07481341773884619,0.16412083984202905,0.23220313970585849,0.20106460175738466,0.15671732926547896,0.0,True,0.95,3.841458820694124,usable_limit,0.014467052319440352,630.0583289658151,0.0775800022986125,2.328141276665129e-05,0.010001860512853504,0.5934104465714438,3.5478178100023514e-05,1.0
andren_lynx_roedeer_data_7,0.019387359441644048,0.25,0.07453532413033213,0.07602627656464525,0.07528449133618954,0.1504453821805379,0.22560026153983426,0.1917410897881434,0.15869712980096637,0.3515066695791336,True,0.95,3.841458820694124,success,0.02427679338308023,764.785994669546,0.0771839717829343,7.749875443416845e-06,0.010011436741845044,0.6011862404293963,3.4942671320321034e-05,1.0
andren_lynx_roedeer_data_7,0.038774718883288095,0.5,0.07452211595847988,0.07607136592416598,0.07530072536336381,0.15052497725293376,0.22580735494777265,0.19189415093418768,0.15876557872696478,0.36358096937039375,True,0.95,3.841458820694124,success,0.02427850037798159,764.5650781102069,0.07720651411506906,7.749862052180495e-06,0.010009635010534767,0.6011959454498859,3.494265891748412e-05,1.0
andren_lynx_roedeer_data_7,0.05816207832493214,0.75,0.07485821147850553,0.07478785280738667,0.07482304041303049,0.16314731023904247,0.2301520408069345,0.19948309041850038,0.15675764654619984,0.0072023858586221295,True,0.95,3.841458820694124,usable_limit,0.014457378342464217,630.1537814061599,0.07731370848527663,2.2520234312672026e-05,0.010000000000000004,0.5920837672337845,3.473988370841444e-05,1.0
andren_lynx_roedeer_data_7,0.07754943776657619,1.0,0.07456231226535678,0.0761120873612974,0.07534118479573554,0.15077652185557813,0.22440778247896456,0.1911706206246032,0.1589362355399048,0.3936619510162482,True,0.95,3.841458820694124,success,0.0242467629312653,763.7121506788159,0.07713336042337167,7.75479271420297e-06,0.010000000000000004,0.5996719341256146,3.494263383235596e-05,1.0
andren_lynx_roedeer_data_7,0.11632415664986429,1.5,0.07433067054940942,0.07623501005389659,0.07528886153423545,0.15263605788965207,0.22462098971481695,0.1920317098665701,0.15871555479139576,0.35475732563445633,True,0.95,3.841458820694124,success,0.02401414645768332,751.3169169159778,0.07700039199106688,7.800131238023299e-06,0.010000000000000004,0.5966572705155656,3.493287598324615e-05,1.0
andren_lynx_roedeer_data_7,0.15509887553315238,2.0,0.07472682227512228,0.07539346525816157,0.0750608838576103,0.1582953428622228,0.2315760818184555,0.1983493096058777,0.15775581599359853,0.18492983916625444,True,0.95,3.841458820694124,usable_limit,0.01703981803821552,681.0706768783548,0.07646875400617481,7.876687865006603e-06,0.010000000000000004,0.5949308533297469,3.4887475242693966e-05,1.0
andren_lynx_roedeer_data_7,0.23264831329972857,3.0,0.07483340900092027,0.0755864634272902,0.07521087872157887,0.15616209111754473,0.23034703616811353,0.19678205682129474,0.15838693578601729,0.29672349923477265,True,0.95,3.841458820694124,usable_limit,0.018363774008280792,710.4544310714879,0.07670746598352714,7.4637416051816024e-06,0.010000000000000004,0.5981844872653063,3.497870631955645e-05,1.0
andren_lynx_roedeer_data_7,0.38774718883288095,5.0,0.07359377358467885,0.0813469361721673,0.07756728542056772,0.15866522851265116,0.2269533807304274,0.19580920785798372,0.1684671454904429,2.024316461371269,True,0.95,3.841458820694124,success,0.024285199368849642,766.7914541104772,0.07725022624985703,7.74857280605765e-06,0.010100000000000003,0.6012746741454381,3.494267202312098e-05,1.0
timeserieslogmeans_WRHW,0.0,0.0,0.16277968202992327,0.20178518973959908,0.18332278592691215,0.024775111290976284,0.21584245141471836,0.15362579531477666,3.293509896320437,nan,False,,,failed,1.0202747217215733,22262545.828896534,0.09059453053093154,3.1757654305670455e-08,0.013231038583942777,0.03528526006200876,5.9991243281875394e-05,1.0
timeserieslogmeans_WRHW,0.4245609131154361,0.25,0.1627796847533402,0.2017918726278161,0.18332646512033876,0.02477511129097628,0.21583653781566323,0.1536216410466515,3.293642095724841,0.0034853174305864722,True,0.95,3.841458820694124,success,1.0202747217215733,22262545.828896534,0.09059453053093154,3.1757654305670455e-08,0.013231038583942777,0.03528526006200876,5.9991243281875394e-05,1.0
timeserieslogmeans_WRHW,0.8491218262308722,0.5,0.16277968293646639,0.20178595082289488,0.18332320519562745,0.02477511129097628,0.21583053375037242,0.15361742322804878,3.293524961193416,0.0,True,0.95,3.841458820694124,success,1.0202747217215733,22262545.828896534,0.09059453053093154,3.1757654305670455e-08,0.013231038583942777,0.03528526006200876,5.9991243281875394e-05,1.0
timeserieslogmeans_WRHW,1.2736827393463082,0.75,0.16277968069901452,0.20178517604584298,0.18332277779960263,0.024775111290976284,0.2158423312383354,0.15362571089156848,3.293509604295923,nan,False,,,failed,1.0202747217215733,22262545.828896534,0.09059453053093154,3.1757654305670455e-08,0.013231038583942777,0.03528526006200876,5.9991243281875394e-05,1.0
timeserieslogmeans_WRHW,1.6982436524617444,1.0,0.1627796858874559,0.2017923448460857,0.18332672551499463,0.02477511129097628,0.21583681224437512,0.15362183383115482,3.2936514522289175,0.003763713221768484,True,0.95,3.841458820694124,success,1.0202747217215733,22262545.828896534,0.09059453053093154,3.1757654305670455e-08,0.013231038583942777,0.03528526006200876,5.9991243281875394e-05,1.0
timeserieslogmeans_WRHW,2.5473654786926163,1.5,0.16277968310402885,0.20178728428182321,0.18332393914773024,0.02477511129097628,0.21584309626324558,0.15362624831711694,3.2935513331347885,0.0007847033005264609,True,0.95,3.841458820694124,success,1.0202747217215733,22262545.828896534,0.09059453053093154,3.1757654305670455e-08,0.013231038583942777,0.03528526006200876,5.9991243281875394e-05,1.0
timeserieslogmeans_WRHW,3.3964873049234887,2.0,0.162779681585938,0.20178701128373497,0.183323788227335,0.024775111290976284,0.21584260362113522,0.15362590223889777,3.2935459103420355,nan,False,,,failed,1.0202747217215733,22262545.828896534,0.09059453053093154,3.1757654305670455e-08,0.013231038583942777,0.03528526006200876,5.9991243281875394e-05,1.0
timeserieslogmeans_WRHW,5.094730957385233,3.0,0.1627796809662475,0.20178829487439628,0.18332449438603343,0.02477511129097628,0.2158430642725993,0.1536262258438736,3.2935712837056905,0.0013783330421262335,True,0.95,3.841458820694124,success,1.0202747217215733,22262545.828896534,0.09059453053093154,3.1757654305670455e-08,0.013231038583942777,0.03528526006200876,5.9991243281875394e-05,1.0
timeserieslogmeans_WRHW,8.491218262308722,5.0,0.16277967886938774,0.20178913052305195,0.18332495336160637,0.02477511129097628,0.21584326644998356,0.1536263678723136,3.2935877754534446,0.0018690426987099805,True,0.95,3.841458820694124,success,1.0202747217215733,22262545.828896534,0.09059453053093154,3.1757654305670455e-08,0.013231038583942777,0.03528526006200876,5.9991243281875394e-05,1.0
timeserieslogmeans_TP,0.0,0.0,0.16190722066252408,0.19037923138987778,0.1767175710664674,0.03166803659900485,0.12176258831279634,0.0889634544480694,2.997993592668668,0.010516611753880186,True,0.95,3.841458820694124,success,0.8099308063702897,316.36349879685,0.14539514019183172,2.7541687307578727e-07,0.010000000000000004,0.04061659780967192,0.0006043101811054462,1.0
timeserieslogmeans_TP,2.0794094277566777,0.25,0.16200395487219643,0.19035437762339358,0.1767485084443744,0.0313628623281209,0.1228995513276438,0.08968815097310463,2.9990433827818643,0.04412649353675614,True,0.95,3.841458820694124,usable_limit,0.8073429631509809,315.3917167883668,0.14419608117617239,2.754143223102917e-07,0.010081485348330763,0.0403084472241488,0.0006034841437481881,1.0
timeserieslogmeans_TP,4.158818855513355,0.5,0.16183416553050542,0.19042337281896196,0.17670789179986332,0.03169743055636737,0.12091297179856736,0.0883874251605874,2.9976651863378114,0.0,True,0.95,3.841458820694124,success,0.8119862560125086,315.88112918315124,0.14617822385772744,2.7540547311155725e-07,0.010000000000000004,0.040855946393477074,0.0006028241691925539,1.0
timeserieslogmeans_TP,6.238228283270033,0.75,0.1618721349467932,0.1904189917044918,0.17672291938793358,0.03179561964133111,0.12125471528659251,0.08863878216562097,2.9981750627514305,0.016327364903636826,True,0.95,3.841458820694124,success,0.8094982001147314,316.827824281578,0.14556339230233672,2.754241215860822e-07,0.010000000000000004,0.040824773333274694,0.0006042801310080153,1.0
timeserieslogmeans_TP,8.31763771102671,1.0,0.1619405696718989,0.19036934086806195,0.17672752197691155,0.03181231402247778,0.12216426123768814,0.08926401863913268,2.9983312343135764,0.021327766546427485,True,0.95,3.841458820694124,success,0.80912483640692,316.19867632745206,0.14492429742008342,2.754154904874648e-07,0.010000000000000004,0.04050938156589768,0.0006043022971343937,1.0
timeserieslogmeans_TP,12.476456566540065,1.5,0.16184377322962426,0.19041922228854793,0.17671005510465085,0.031685112310301966,0.12134685396318019,0.08868203118128788,2.997738583208519,0.0023505004363598174,True,0.95,3.841458820694124,success,0.8114455529519418,316.57361945581533,0.14574439368237752,2.7541532243931526e-07,0.010000000000000004,0.04074422888194354,0.0006043248383487664,1.0
timeserieslogmeans_TP,16.63527542205342,2.0,0.1619281741290206,0.19037533006108756,0.17672506878287875,0.031850079234394944,0.1221640615609531,0.08927061522221512,2.9982479938860696,0.018662553351687317,True,0.95,3.841458820694124,success,0.8096289240652679,316.02141288185203,0.14492256924397237,2.754178860249963e-07,0.010000000000000004,0.04050477628616029,0.0006040340977840758,1.0
timeserieslogmeans_TP,24.95291313308013,3.0,0.1618164910789233,0.1904397874886217,0.17670864359703325,0.031683459975786185,0.12090311687893297,0.08837817973651124,2.9976906933027188,0.0008168551393018986,True,0.95,3.841458820694124,usable_limit,0.8118087796129866,316.0016128834737,0.14610607081773333,2.755879549379113e-07,0.010010836084996207,0.04089789322206768,0.000603824362389331,1.0
timeserieslogmeans_TP,41.588188555133556,5.0,0.16194342007846263,0.19037345110139572,0.1767310416861805,0.03210410694267901,0.12238894339170854,0.08946990317175325,2.998450665166317,0.025151604750597457,True,0.95,3.841458820694124,success,0.8084921370842009,315.59558975303196,0.14449761507840567,2.7551085585956664e-07,0.010000000000000004,0.04048450712114226,0.00060412734716931,1.0
windermere_north_pike_perch,0.0,0.0,0.04999865080065462,0.22113161766078826,0.16031072548516964,4.448820061531577,0.4380262571065178,3.161001972618853,0.9251830334009311,0.446755740993112,True,0.95,3.841458820694124,success,0.7449423378548214,6135.0525853994695,0.6847220122270348,0.6690205973477052,0.01698652833889006,0.11441042946675323,0.16156255679942091,1.0
windermere_north_pike_perch,2.45,0.25,0.04189051365030328,0.22138276264020382,0.15931908662821143,4.4646647947195355,0.43125436601904565,3.17168819853233,0.9137725691057114,0.0,True,0.95,3.841458820694124,usable_limit,0.7261449596509847,6153.047592426884,0.6259193754601536,0.5307335156598342,0.026135653305931508,0.1247841850472277,0.1460181384087853,1.0
windermere_north_pike_perch,4.9,0.5,0.04441872455766605,0.22131638852496271,0.15961511037659004,4.216143291238594,0.4268090513047102,2.9965004771009,0.9171714045791167,0.1336558839030217,True,0.95,3.841458820694124,usable_limit,0.7046605799138961,5980.2902893852415,0.6810897259197927,0.6524540210367153,0.02723802917240063,0.12114750941205822,0.1402368542356338,1.0
windermere_north_pike_perch,7.3500000000000005,0.75,0.05339809958474712,0.22096741527764518,0.16074507092558993,3.82561117760007,0.4272493961169753,2.7219334055649593,0.9302032017674258,0.6415685500992852,True,0.95,3.841458820694124,usable_limit,0.6475820915237056,7895.771948766527,0.6350968604687749,0.9999338863023666,0.010478968019699544,0.10034706774926336,0.146377041837258,1.0
windermere_north_pike_perch,9.8,1.0,0.042979683381610054,0.22179247740837288,0.15974848390286375,4.45782349824522,0.43070197757509404,3.1668355289621806,0.9187048119334867,0.1937935741219121,True,0.95,3.841458820694124,usable_limit,0.6297148907397907,6403.035692010546,0.8541566890825311,0.4409783082456428,0.029120220385862098,0.14860730405835765,0.09593288634598685,1.0
windermere_north_pike_perch,14.700000000000001,1.5,0.05777082979238655,0.22127588278975094,0.16171036620959786,3.202381944308168,0.4294069564536879,2.2846925888926264,0.9414087314271209,1.0726449721880589,True,0.95,3.841458820694124,usable_limit,0.5445840736310172,6166.191521667058,0.6655223677972859,0.5152313093011667,0.03143481965828805,0.1334147132776334,0.10146171027036904,1.0
windermere_north_pike_perch,19.6,2.0,0.06512519622738763,0.2212018487968159,0.1630514475476761,3.2250744804191323,0.42742547487818194,2.3004127826137615,0.9570878837061323,1.667286343790858,True,0.95,3.841458820694124,usable_limit,0.5392115930574775,6161.742917256079,0.6209440352422956,0.5489779082339771,0.030604892814859893,0.1269917547120293,0.09678688643609855,1.0
windermere_north_pike_perch,29.400000000000002,3.0,0.0664025982236782,0.2213623616143505,0.16341756360675816,3.1664492777447104,0.4253318371843679,2.2591268446296486,0.9613908034260786,1.8287740587274093,True,0.95,3.841458820694124,usable_limit,0.5049652062816293,6167.086831719158,0.6832758590276192,0.48371355208901035,0.03360906867905423,0.13830781939167014,0.07112085884420008,1.0
windermere_north_pike_perch,49.0,5.0,0.07618482075596326,0.22097043472266684,0.16527561818844094,3.163276159690898,0.43200919221332784,2.2575371541378457,0.9833770788325672,2.6427937116224465,True,0.95,3.841458820694124,usable_limit,0.48182177633434004,6683.174242090937,0.5947192826830107,0.46114364611885245,0.011612253432265218,0.1095418373799832,0.05588317412454695,1.0
windermere_south_pike_perch,0.0,0.0,0.056935925987968934,0.18780926228050318,0.13876962683969124,1.9611081840040627,0.31044488189127906,1.4039802943881021,0.6932523359961776,0.0,True,0.95,3.841458820694124,usable_limit,0.3840443553404103,18415.823902243188,0.13795875289400197,0.012869694324304414,0.01594853616542481,0.11102310812711427,0.0035417044298694544,1.0
windermere_south_pike_perch,1.725,0.25,0.05703616288241879,0.18786189669499614,0.13882581911552191,1.9294597186630345,0.33720930646806313,1.3850135238169892,0.693813889911442,0.029149209571122443,True,0.95,3.841458820694124,success,0.39078086261892636,18398.9817479041,0.13203059277909987,0.011580541619334635,0.016453098551137992,0.11776982720852369,0.003522826406586291,1.0
windermere_south_pike_perch,3.45,0.5,0.05954690872938592,0.1879536422504293,0.13941378334732218,2.062155566166398,0.35133239719238,1.4791754514573316,0.6997033075397072,0.33344440930172026,True,0.95,3.841458820694124,success,0.3920088428472244,18400.53737257727,0.13188496413330114,0.01157986304613173,0.016495839344689827,0.11755765911840167,0.0035214860286204674,1.0
windermere_south_pike_perch,5.175000000000001,0.75,0.05773685067315245,0.18790926347894815,0.1390025813192954,1.9979697070346274,0.3464632711939032,1.4338618741905398,0.6955818340833839,0.12076605197451942,True,0.95,3.841458820694124,success,0.3920088428477247,18400.53737257766,0.13188496413318612,0.01157986304615597,0.01649583934467122,0.11755765911851737,0.003521486028620258,1.0
windermere_south_pike_perch,6.9,1.0,0.057078425308321905,0.18787935202244607,0.13884631351255222,1.9347612425486427,0.3397407920497137,1.3890149155878304,0.6940187559369339,0.03977754720728131,True,0.95,3.841458820694124,success,0.39180853661069004,18400.71485401862,0.13188517940695468,0.01158141458310736,0.01648822103285153,0.11759552124836026,0.00352156114399639,1.0
windermere_south_pike_perch,10.350000000000001,1.5,0.057143624863869105,0.1879302712738215,0.13889416964659593,1.947169120327786,0.3400511496076293,1.3976949537555674,0.6944972530254253,0.06458949860921143,True,0.95,3.841458820694124,success,0.39230839306325627,18400.68134840864,0.13179132362772342,0.011585750776225884,0.016504877142623078,0.1175091043582091,0.0035215374676802534,1.0
windermere_south_pike_perch,13.8,2.0,0.05735137794379741,0.18782457856829293,0.13886549763423803,1.853083582510206,0.318727477485437,1.3295687211786178,0.6942105515953645,0.04972495821491722,True,0.95,3.841458820694124,success,0.37464327556646,18299.429893919387,0.12818066867704186,0.012107782820065053,0.016495275209735163,0.11110258615141348,0.003500242607786245,1.0
windermere_south_pike_perch,20.700000000000003,3.0,0.057466802580582746,0.18784114039802885,0.13890055331939405,1.8280583825568586,0.3099238300302993,1.311077844839323,0.6945610936476179,0.06789859272473765,True,0.95,3.841458820694124,success,0.36555353636922927,18877.81294094784,0.1288066324139431,0.012869830219228915,0.017045202486342764,0.11063734346269348,0.0035418729566063308,1.0
windermere_south_pike_perch,34.5,5.0,0.05761236891210142,0.1879314062510711,0.1389917236873642,1.8371084498154662,0.3212111179833108,1.3187387987580168,0.6954731731290456,0.11514183964092262,True,0.95,3.841458820694124,success,0.3692230463544578,18451.186962593845,0.12463711331039443,0.012137915725668798,0.0170557873643691,0.11109511357860506,0.003455245052479655,1.0
komi_lynx_hare,0.0,0.0,0.2276066514191889,0.2966095071880882,0.26436904841964454,0.5224928327080736,0.6869509621416261,0.6102869753724934,2.2365118003938673,0.0,True,0.95,3.841458820694124,success,4.999999999999999,198.84724083793702,0.013985108747227476,5.247047731251366e-07,2.0,2.4457134757057566,0.003914255613091695,1.0
komi_lynx_hare,4.5,0.25,0.2275049296326662,0.2973807070960983,0.2647581707522355,0.522413327751795,0.6856981298275684,0.6095480334894574,2.2431004473622367,0.09413174326692417,True,0.95,3.841458820694124,success,4.999999999999999,200.3494609081114,0.014174005845091984,5.254297514460925e-07,2.0,2.4805514111331113,0.003888038673706536,1.0
komi_lynx_hare,9.0,0.5,0.22771937535078932,0.2979703600480623,0.2651814938653578,0.52262337107478,0.6848532700601551,0.6091630280580294,2.250279190037209,0.19637993041487647,True,0.95,3.841458820694124,success,4.999999999999999,201.6973399831706,0.014261390639193865,5.242604284005151e-07,2.0,2.4929360661308557,0.00389516587661811,1.0
komi_lynx_hare,13.5,0.75,0.22799383745870552,0.298550165891516,0.2656251037392723,0.5229965552542158,0.6846184596283769,0.6091911982586861,2.257814263567973,0.3033531242993237,True,0.95,3.841458820694124,success,4.999999999999999,202.1573731919594,0.01426313240367525,5.250036239853512e-07,2.0,2.487595840948415,0.003913736450628324,1.0
komi_lynx_hare,18.0,1.0,0.22783719837520366,0.29939440654620375,0.2660327044130246,0.5229309625974219,0.6833270676185902,0.6084376192278415,2.2647487941538476,0.40148559910198495,True,0.95,3.841458820694124,success,4.999999999999999,203.34368902394993,0.014462361599099466,5.244806071974669e-07,2.0,2.5237437519668537,0.0038763205188582627,1.0
komi_lynx_hare,27.0,1.5,0.22748329021631103,0.3012187761505466,0.2669095337687205,0.5229969194705002,0.680997588480824,0.6071587491308721,2.279702374932344,0.6120792633994278,True,0.95,3.841458820694124,success,4.999999999999999,204.2937052293449,0.014897459013641975,5.207261495321879e-07,2.0,2.5987476179645554,0.0037709790882194854,1.0
komi_lynx_hare,36.0,2.0,0.22775132402093132,0.302697976270965,0.2678588531594811,0.523293405157726,0.6796240858955922,0.6065166469318825,2.295947686909199,0.8393047550890123,True,0.95,3.841458820694124,success,4.999999999999999,206.79390545581577,0.015096028426744276,5.226375214419088e-07,2.0,2.628661633354095,0.003775228207525726,1.0
komi_lynx_hare,54.0,3.0,0.22934431032301297,0.3052510894521938,0.26997874017160106,0.524970599421785,0.6779957889489178,0.6063301163927675,2.332432644628636,1.343819400560127,True,0.95,3.841458820694124,usable_limit,4.912950084649067,213.21273817501302,0.015073136764557134,5.24098124594032e-07,2.0,2.59877974920336,0.0038907826418000573,1.0
komi_lynx_hare,90.0,5.0,0.22474001842530306,0.31200749505821024,0.2718977315594088,0.523533821699322,0.6699467011408707,0.6012138741049781,2.365708045668874,1.797118145406743,True,0.95,3.841458820694124,usable_limit,3.6196609200580405,222.11810836013288,0.021678636672145934,5.268295951385346e-07,1.5924201237684574,3.0000000000000004,0.0009676909426413626,1.0
glerl_m110_zoop_1994-201,0.0,0.0,0.16147721214048297,0.1793801640681534,0.170663606697181,0.3503553599264747,0.18999706388375692,0.28182242859082207,7.980542262343883,2.1841918127272963,True,0.95,3.841458820694124,success,0.05702988592916747,85.01702297093912,0.39597556133266876,0.07838349308858081,0.3584888824693665,0.23168801164317035,0.010001489438828736,1.0
glerl_m110_zoop_1994-201,0.016,0.25,0.16151174700522722,0.17936860539668473,0.17067387178861346,0.35060920352044195,0.1885153981698959,0.2814825651265039,7.981502320100601,2.217151979490327,True,0.95,3.841458820694124,success,0.052616867142069264,83.7980466415124,0.38980528062678355,0.07452660027570188,0.35318651334822543,0.21717559908686349,0.010003370277396282,1.0
glerl_m110_zoop_1994-201,0.032,0.5,0.16130718091421756,0.178547146398646,0.17014565833660233,0.3524706986839989,0.18632312646259458,0.28191479287683924,7.932175343918053,0.518533338966925,True,0.95,3.841458820694124,usable_limit,0.06745995437054687,101.27566679678905,1.2262746886265934,0.7542440812762475,0.9827119061454072,1.0093734662465625,0.009765207957716213,1.0
glerl_m110_zoop_1994-201,0.048,0.75,0.161407196267279,0.17814976605428998,0.1699847377738104,0.35699423242019845,0.18750025053809752,0.28513262346944446,7.917178234832517,0.0,True,0.95,3.841458820694124,usable_limit,0.09116392850705135,99.29022098417643,2.0,0.9131407629118355,0.42756834926724735,0.5456486575523845,0.009946994862925298,1.0
glerl_m110_zoop_1994-201,0.064,1.0,0.16151185210353813,0.17936565484144198,0.17067237108948607,0.35072371665197083,0.1886423216290901,0.2815963875228027,7.981361961406185,2.212333510624949,True,0.95,3.841458820694124,success,0.05286962254228385,83.83813649503641,0.3906400489848955,0.07458777543360778,0.35353930475926815,0.21710583020171373,0.009978969348720463,1.0
glerl_m110_zoop_1994-201,0.096,1.5,0.16147551019609163,0.1793060029938859,0.1706238305494451,0.35031128151064594,0.18561781078106643,0.28033191544380637,7.976822685074217,2.056455912256934,True,0.95,3.841458820694124,success,0.07165148490818261,93.01047789808723,0.4627123027684316,0.08796839096151741,0.3403064137827263,0.28082060023057404,0.008980061025987406,1.0
glerl_m110_zoop_1994-201,0.128,2.0,0.16131411869729653,0.17825298303304477,0.169994662932788,0.3552853706953983,0.18983261720401653,0.28483689822834857,7.918102806623224,0.03199598040329265,True,0.95,3.841458820694124,usable_limit,0.0797851551704866,74.04329627425166,1.7827917476940662,1.0,0.7693304452285017,0.9055708660598053,0.005614360553097575,1.0
glerl_m110_zoop_1994-201,0.192,3.0,0.1614747876450298,0.1793429653987843,0.1706429111962126,0.35031837363178436,0.1862657820713939,0.2805511579682808,7.97860686077607,2.1177346315719316,True,0.95,3.841458820694124,usable_limit,0.06800160975885305,75.93579221823745,0.43852768870366926,0.08038060464591414,0.3432502235240697,0.2645687227117542,0.008821001007459863,1.0
glerl_m110_zoop_1994-201,0.32,5.0,0.16139106493878194,0.1790111699713488,0.17042898054114106,0.35130926068782553,0.18335444727685685,0.28021157183566514,7.958614249872182,1.4302900359117998,True,0.95,3.841458820694124,usable_limit,0.06958606177396022,79.3974956249882,0.7187740963804136,0.29614939794170586,0.503010576824602,0.4790336151006412,0.00607418989923365,1.0
andren_lynx_roedeer_data_3,0.0,0.0,0.048426413891597596,0.15238836819406976,0.11306487589709655,0.05352340013703943,0.09181819570508921,0.07515096614404798,0.48577931414178205,0.01024041573865698,True,0.95,3.841458820694124,usable_limit,0.23281220916702877,138.05471124620064,0.12884964805152793,2.6652300172943207e-07,0.012685695908583561,0.18791967705274062,1.0099987367069332e-05,1.0
andren_lynx_roedeer_data_3,0.25835866261398177,0.25,0.04838289554248862,0.15239813234558935,0.11306214070921161,0.053431279100478374,0.09161937460466411,0.07499670455847707,0.4857558111464835,0.00840185365629073,True,0.95,3.841458820694124,success,0.23348049535385024,138.05471124620064,0.12919082036348847,2.665160469001851e-07,0.012660501666401511,0.18789244746286846,1.0099993333634217e-05,1.0
andren_lynx_roedeer_data_3,0.5167173252279635,0.5,0.04843272964289783,0.15236665515902834,0.11305159641732686,0.05372861317573372,0.09236243305168942,0.0755565447628974,0.4856652111952337,0.0013136847196665539,True,0.95,3.841458820694124,success,0.23198125347826734,138.05471124620064,0.1286284015323528,2.6652465812098816e-07,0.012712841224791056,0.1880887679552821,1.0100243322652698e-05,1.0
andren_lynx_roedeer_data_3,0.7750759878419453,0.75,0.04822023432642859,0.1524637272624926,0.1130716125498956,0.05286211678308514,0.09133510886762994,0.07462072601714065,0.48583720345608095,0.014768527202634439,True,0.95,3.841458820694124,success,0.23485631008721164,138.05471124620064,0.12958135090926537,2.665197670578077e-07,0.01269915333705521,0.18868188973157907,1.009992360556606e-05,1.0
andren_lynx_roedeer_data_3,1.033434650455927,1.0,0.048430532445415175,0.15239818350397424,0.11307237241753047,0.05318521165006203,0.09139565937093184,0.07477243238690746,0.48584373335689085,0.015279263230023188,True,0.95,3.841458820694124,success,0.233336369048569,138.05471124620064,0.1288260839079351,2.6673353133696395e-07,0.012675217757492783,0.18782704641899373,1.0101486031724963e-05,1.0
andren_lynx_roedeer_data_3,1.5501519756838906,1.5,0.04840281519837266,0.15241247332915972,0.11307606852344938,0.05344049718479356,0.09182130931025188,0.0751233638184782,0.48587549636335314,0.017763508079933193,True,0.95,3.841458820694124,usable_limit,0.23309508040496263,138.05471124620064,0.12897991240894346,2.663511938794527e-07,0.012691347842222185,0.18809321374524401,1.0095362011946623e-05,1.0
andren_lynx_roedeer_data_3,2.066869300911854,2.0,0.04833340243519262,0.15239529342346894,0.11304964230060058,0.053351784790599134,0.09184651406609282,0.07510724028492656,0.4856484217231621,0.0,True,0.95,3.841458820694124,success,0.23328008796338992,138.05471124620064,0.12906023861322932,2.6690700231418175e-07,0.012698745468495339,0.18826238688769778,1.0062124794959383e-05,1.0
andren_lynx_roedeer_data_3,3.1003039513677813,3.0,0.048377275514441154,0.15240520875382418,0.1130657075365844,0.05345328573570177,0.09192485020472124,0.07519119576487335,0.4857864603884407,0.010799425494152975,True,0.95,3.841458820694124,success,0.23305190941663212,138.05471124620064,0.12899209394399666,2.6640514432815896e-07,0.012698427611012565,0.18818866584785643,1.00925699016181e-05,1.0
andren_lynx_roedeer_data_3,5.167173252279635,5.0,0.04835946841185187,0.1524076189318675,0.11306352306017675,0.05335398572601088,0.09189500763093984,0.07513767437291982,0.48576768937760656,0.00933105975878273,True,0.95,3.841458820694124,success,0.23302234001367342,138.05471124620064,0.12890432498827206,2.665422311341748e-07,0.012700452091195134,0.18818095972388407,1.009129068080073e-05,1.0
andren_lynx_roedeer_data_4,0.0,0.0,0.0375914386488524,0.06750596785058581,0.05463594034669285,0.05779192954210986,0.07136570230386974,0.06493446921907019,0.10746309519242567,0.07990545754879896,True,0.95,3.841458820694124,success,0.17366172056583812,316.6950113378686,0.0771794005455694,2.6439813527672036e-06,0.01455047158846492,0.27392135190676814,1.0099744359099347e-05,1.0
andren_lynx_roedeer_data_4,0.42517006802721086,0.25,0.03739870680913462,0.06764985197535961,0.05465878585956552,0.05686998400687334,0.07201804627667256,0.06488757227100957,0.10755298337910621,0.11000529873754272,True,0.95,3.841458820694124,success,0.1723762681198855,316.6950113378686,0.07696995305558188,2.6437988875372077e-06,0.014549689587731769,0.27366881864724235,1.0099972518603357e-05,1.0
andren_lynx_roedeer_data_4,0.8503401360544217,0.5,0.03723429296121262,0.06762063799756818,0.054584536526014256,0.05651856302856479,0.07207890874816834,0.06476772750815267,0.10726097859935224,0.012132903022401461,True,0.95,3.841458820694124,usable_limit,0.17195129759204367,316.6950113378686,0.07689470800013776,2.64396245547421e-06,0.014525321249238853,0.27324712181049593,1.0100008624198967e-05,1.0
andren_lynx_roedeer_data_4,1.2755102040816326,0.75,0.03757167136940127,0.06750569707063472,0.0546289741185142,0.057553929616964136,0.07218141430393503,0.06527867716670879,0.1074356932766866,0.07072468013279035,True,0.95,3.841458820694124,success,0.17282827485093816,316.6950113378686,0.07705858566709496,2.6439481327983107e-06,0.01459024638876147,0.27454847699616114,0.0,1.0
andren_lynx_roedeer_data_4,1.7006802721088434,1.0,0.037654552138552365,0.06746323119564679,0.05463127703116709,0.05706003031792261,0.07269293989231615,0.06534566003213273,0.1074447514820205,nan,False,,,failed,0.1726622657627495,316.6950113378686,0.07726946552551661,2.64369128654003e-06,0.014580659225858118,0.2746779445798332,1.0098067073550233e-05,1.0
andren_lynx_roedeer_data_4,2.5510204081632653,1.5,0.03755963444111219,0.06746180220152256,0.0545977146757414,0.05755129308171505,0.07216992050847053,0.065271160406325,0.10731277612129204,0.02951350791960032,True,0.95,3.841458820694124,success,0.17282827485093816,316.6950113378686,0.07705858566709496,2.6439481327983107e-06,0.01459024638876147,0.27454847699616114,0.0,1.0
andren_lynx_roedeer_data_4,3.401360544217687,2.0,0.03757459782111016,0.06745544608038966,0.054598935920595254,0.057552762343071516,0.07218235672970573,0.06527868364317929,0.10731757693180559,0.031123990090997384,True,0.95,3.841458820694124,success,0.17282827485093816,316.6950113378686,0.07705858566709496,2.6439481327983107e-06,0.01459024638876147,0.27454847699616114,0.0,1.0
andren_lynx_roedeer_data_4,5.1020408163265305,3.0,0.03743082100353581,0.0674971771228829,0.05457533912197231,0.057028576880174105,0.0720168188251379,0.0649564499286663,0.10722483505001812,0.0,True,0.95,3.841458820694124,success,0.172545068762136,316.6950113378686,0.07701431212516184,2.6423072045785845e-06,0.014554634428423972,0.27382865515549626,1.0094470424280027e-05,1.0
andren_lynx_roedeer_data_4,8.503401360544217,5.0,0.03740991402604246,0.06754148813408156,0.0545955780572116,0.05705771642332568,0.07198802720751364,0.06495328730970579,0.10730437716243905,0.026695815910960468,True,0.95,3.841458820694124,success,0.17257312032235253,316.6950113378686,0.07701704011921069,2.64382783104569e-06,0.014552164907865366,0.2738042875176673,1.0103483922869378e-05,1.0
andren_lynx_roedeer_data_5,0.0,0.0,0.03779463851930555,0.07867324554212979,0.06171674920528956,0.07237566084329385,0.04709134222498517,0.061056657274429015,0.13712245676886994,0.03504587444416937,True,0.95,3.841458820694124,usable_limit,0.2587586424498537,715.2793614595214,0.12213593167297698,0.0007936986918003724,0.010000000000000004,0.3470756292409998,1.010050184317848e-05,1.0
andren_lynx_roedeer_data_5,0.15678449258836946,0.25,0.03778911338345773,0.07864004331767357,0.06169389557854731,0.07240944236155065,0.047001204421568146,0.061041955080865344,0.1370209230596412,0.008379436599472352,True,0.95,3.841458820694124,success,0.2593322626666291,715.2793614595214,0.12251070433195131,0.0007979211889793772,0.010000000000000004,0.34732530745236095,1.0100803123227866e-05,1.0
andren_lynx_roedeer_data_5,0.3135689851767389,0.5,0.03725987298410273,0.07893011328719292,0.06171815340044036,0.07009586115214275,0.048748342028640014,0.0603731339305893,0.13712869652977036,0.03668401809279918,True,0.95,3.841458820694124,success,0.2540028524974439,715.2793614595214,0.1211879798131446,0.0007914014229159202,0.010000000000000004,0.3454918894953114,1.0096275557231912e-05,1.0
andren_lynx_roedeer_data_5,0.4703534777651084,0.75,0.03783889005944804,0.07860913417688686,0.06168945443497939,0.07253712317680344,0.04709457212196187,0.06115363015438014,0.13700119638547434,0.003196203416166694,True,0.95,3.841458820694124,success,0.2582840698518049,715.2793614595214,0.12161027885729256,0.000786055308573694,0.010000000000000004,0.34674581816327554,1.0100741827454387e-05,1.0
andren_lynx_roedeer_data_5,0.6271379703534778,1.0,0.03773275595723357,0.07876504807980503,0.06175635056875585,0.07067225741093884,0.049409242786894576,0.060974753957405564,0.13729848608055856,0.08123080496844393,True,0.95,3.841458820694124,usable_limit,0.24653133321449408,715.2793614595214,0.11446041572872308,0.000698480782249408,0.010000000000000004,0.3401000808768434,1.0077854561684096e-05,1.0
andren_lynx_roedeer_data_5,0.9407069555302168,1.5,0.037608549040310794,0.0787214481089194,0.061690636863639,0.07169337887973515,0.04779640889221737,0.06092797911544945,0.1370064483590895,0.004576245570433117,True,0.95,3.841458820694124,success,0.25487217764781583,715.2793614595214,0.11998664398424089,0.0007691192304176917,0.010000000000000004,0.3451890006589504,1.0001582191911457e-05,1.0
andren_lynx_roedeer_data_5,1.2542759407069557,2.0,0.037749739428126414,0.07865376587964502,0.061690589695436754,0.07228410227365316,0.04720006919110161,0.06104440176278546,0.13700623885094618,0.004521194884737021,True,0.95,3.841458820694124,success,0.2579703943527928,715.2793614595214,0.12165080890769768,0.0007877197353170211,0.010000000000000004,0.3466657295674023,1.0130844851856161e-05,1.0
andren_lynx_roedeer_data_5,1.8814139110604335,3.0,0.0377370803835503,0.07865376421160519,0.06168671599513677,0.07225540143252514,0.04723478081665893,0.06104083696580989,0.13698903348952784,0.0,True,0.95,3.841458820694124,success,0.25792291745996165,715.2793614595214,0.1216456905848637,0.0007877632651261259,0.010000000000000004,0.34665045593911825,1.0108579377021848e-05,1.0
andren_lynx_roedeer_data_5,3.1356898517673892,5.0,0.03793725924786613,0.07864067588531504,0.061739742236824144,0.07327439294007479,0.046550691910032096,0.06138445885580164,0.13722464777290153,0.061865011620234577,True,0.95,3.841458820694124,success,0.2575194411365707,715.2793614595214,0.11933485411057201,0.0007539457450763158,0.010000000000000004,0.3449216412046881,1.0040480854841336e-05,1.0
andren_lynx_roedeer_data_6,0.0,0.0,0.041551595039132715,0.10981111502778386,0.08302112994274788,0.053530920243248604,0.25257766071230814,0.18256647298037898,0.2205602565430601,0.04098987524749055,True,0.95,3.841458820694124,success,0.0315042892414769,570.4564489112227,0.03508069010956091,1.19802950771549e-06,0.020291364332472,0.4375098052346964,1.0102349551734243e-05,1.0
andren_lynx_roedeer_data_6,0.07328308207705193,0.25,0.04172872941294925,0.10971843043014398,0.08300427951158144,0.052110524276478276,0.2517125917109624,0.18176184358415146,0.22047073335157566,0.02799876018987063,True,0.95,3.841458820694124,usable_limit,0.0321079000899079,570.4564489112227,0.0348127464133742,1.1984309153098625e-06,0.02051355503869576,0.43901226264835547,1.0099482192164677e-05,1.0
andren_lynx_roedeer_data_6,0.14656616415410387,0.5,0.041781475141176874,0.10972527389141083,0.0830220675348365,0.05241443411414507,0.25222581536406863,0.18216082844505196,0.22056523832828648,0.04171264973730595,True,0.95,3.841458820694124,success,0.03224721920226273,570.4564489112227,0.03487757605306699,1.198099214496169e-06,0.020492340331373954,0.43902385975348823,1.0100775623780338e-05,1.0
andren_lynx_roedeer_data_6,0.21984924623115581,0.75,0.04197662964612676,0.10959733059211364,0.08298678301201082,0.051633573135407014,0.2523175721010289,0.18211285383751383,0.22037779694984216,0.014506756950149174,True,0.95,3.841458820694124,success,0.03272514173391733,570.4564489112227,0.03472795907060554,1.1986911154168064e-06,0.02065542509928157,0.44052867853374145,1.0100072886481081e-05,1.0
andren_lynx_roedeer_data_6,0.29313232830820773,1.0,0.04188747097135104,0.10961515332683733,0.08297602684884904,0.05106057982283842,0.25235645500701437,0.18205900581343362,0.22032067301186933,0.006210989435787238,True,0.95,3.841458820694124,success,0.03271436461205772,573.4869881996132,0.034797772740218974,1.196781861386376e-06,0.02060470860445146,0.4409444208989618,1.009997599727571e-05,1.0
andren_lynx_roedeer_data_6,0.43969849246231163,1.5,0.04190761010203141,0.10963852741004802,0.08299654955812241,0.051557031990747064,0.2522014104660961,0.18202153579835437,0.22042967163372382,0.022038343913544273,True,0.95,3.841458820694124,success,0.03272131655045691,572.1518748455956,0.0348115512991288,1.1982488365416364e-06,0.0205834484173733,0.4402096247943753,1.0100078631428474e-05,1.0
andren_lynx_roedeer_data_6,0.5862646566164155,2.0,0.04172233637827711,0.10975336550170911,0.08302576284447455,0.05271402280988016,0.25249320783503376,0.18238912824456688,0.22058487346902178,0.04456122434782086,True,0.95,3.841458820694124,success,0.03205900356479874,570.4564489112227,0.0349312761994998,1.1926877376499878e-06,0.020448098550165508,0.43882177059955363,1.0101362793291748e-05,1.0
andren_lynx_roedeer_data_6,0.8793969849246233,3.0,0.041940617617695346,0.10958263658942416,0.08296797468916407,0.051979133312492674,0.2522178564410533,0.18209293974182203,0.22027791436869665,0.0,True,0.95,3.841458820694124,success,0.032656524452969266,570.9043828010174,0.034806214591522965,1.1975566453617313e-06,0.020583022886211975,0.43984582360492214,1.010007312826386e-05,1.0
andren_lynx_roedeer_data_6,1.4656616415410386,5.0,0.0419210443525223,0.10968934118234289,0.08303350386627847,0.051573041885710304,0.2520276017441023,0.18190339563931882,0.22062600845796104,0.050528074685334025,True,0.95,3.841458820694124,success,0.0326542700726764,570.4564489112227,0.03473568685922224,1.2005840814907393e-06,0.02062736229088468,0.4401389239070138,1.0100062351457912e-05,1.0
timeserieslogmeans_WRGP,0.0,0.0,0.2258401110361625,0.18001126658369893,0.20421534204105934,0.3047753410308836,0.0035391695282816797,0.2155232403030371,3.669943721395324,0.15512479274164817,True,0.95,3.841458820694124,usable_limit,0.2992412559703694,41290.31143355411,0.3263287805683468,4.450976506764958e-05,0.010095617599288759,2.989009920226359,1.009976860550902e-05,1.0
timeserieslogmeans_WRGP,1.6902074384799544,0.25,0.22554631147781223,0.1800164422556511,0.20405521079309452,0.28784244229260103,0.003547604347855674,0.20355080088466648,3.664190556559653,0.017063887337850792,True,0.95,3.841458820694124,usable_limit,0.3010965972104379,44509.94134327216,0.3418953877842919,4.817978406306705e-05,0.01000085620387309,2.9867143548918365,1.0153455466854303e-05,1.0
timeserieslogmeans_WRGP,3.3804148769599087,0.5,0.2255170924037601,0.18001770167356768,0.20403961855737685,0.2879070217722968,0.0035481361503133858,0.20359646663920147,3.663630602811506,0.0036148882803717294,True,0.95,3.841458820694124,usable_limit,0.301507459119486,43399.901726183816,0.3417153486343213,4.9130021591624605e-05,0.010000142765905813,3.0000000000000004,1.0108144333224814e-05,1.0
timeserieslogmeans_WRGP,5.070622315439863,0.75,0.22561511330045766,0.18001732731322106,0.20409362739019282,0.2843425130212918,0.003548400610936154,0.2010761744441136,3.6655703692332438,0.050195531859301194,True,0.95,3.841458820694124,usable_limit,0.3015938722485479,43581.120427583344,0.34129446156211096,4.9601508442003846e-05,0.010000000000000004,2.967059435643989,1.0195299605030318e-05,1.0
timeserieslogmeans_WRGP,6.760829753919817,1.0,0.22572495300421924,0.18001391201998654,0.20415283849299823,0.28983795670615703,0.003545137911547951,0.2049617149011152,3.6676975688978435,0.10124878051036125,True,0.95,3.841458820694124,usable_limit,0.3004602226111133,42469.36416681346,0.339456226491586,4.7583429018583024e-05,0.010010310510420587,2.9528652237299338,1.0129089175865632e-05,1.0
timeserieslogmeans_WRGP,10.141244630879726,1.5,0.22550968529036836,0.1800174809216319,0.20403542780254005,0.2874290043491114,0.003548177465998548,0.20325848334626986,3.6634801102737673,0.0,True,0.95,3.841458820694124,usable_limit,0.30157048639167217,43668.11951442335,0.3425256935762749,4.9234409347428855e-05,0.010000000000000004,3.0000000000000004,1.0148044329178307e-05,1.0
timeserieslogmeans_WRGP,13.521659507839635,2.0,0.2255195033199993,0.18001825570546917,0.20404119530739237,0.2873517781553534,0.0035484374588878875,0.20320388261232,3.6636872256573105,0.004974952234897844,True,0.95,3.841458820694124,usable_limit,0.3016141888255886,43662.79262350323,0.34093458812607036,4.920441511573375e-05,0.010000000000000004,3.0000000000000004,1.0072557095939857e-05,1.0
timeserieslogmeans_WRGP,20.28248926175945,3.0,0.22551869933897628,0.1800175550185426,0.20404044190600748,0.286628280243229,0.0035482113267017276,0.202692329453793,3.6636601701214957,0.0043250889151648245,True,0.95,3.841458820694124,usable_limit,0.30156260330440066,43454.59903125204,0.3436126219223106,4.946527655624529e-05,0.010000000000000004,2.99999990751705,1.0387421211960004e-05,1.0
timeserieslogmeans_WRGP,33.80414876959909,5.0,0.22596136209095433,0.18000761879230184,0.20428078713045195,0.3041595148588416,0.0035457951787435595,0.21508786941923927,3.6722963191760583,0.21151864819876443,True,0.95,3.841458820694124,usable_limit,0.2981560226124186,40137.823147383555,0.3274003185187895,4.3973255722685066e-05,0.010165205931701867,3.0000000000000004,1.0067930530199737e-05,1.0
isle_royale_wolf_moose_pre_2018,0.0,0.0,0.17739640321869005,0.10589214213746363,0.14608666886712982,0.15320170049207169,0.28616639855964887,0.2295233851901177,1.280478889241666,0.0133353083337653,True,0.95,3.841458820694124,success,0.3442265164885155,1629.8975510774794,0.005214435560051582,3.6445303058022403e-06,0.13221900408966844,0.7454464332794486,1.0099889191168436e-05,1.0
isle_royale_wolf_moose_pre_2018,12.5,0.25,0.1772280674694336,0.10616604006901696,0.14608390733220109,0.1530905227181612,0.2852739692922994,0.22893006104693156,1.2804304788865868,0.011066878735089143,True,0.95,3.841458820694124,success,0.34228415550207114,1633.933274440244,0.005224013132809019,3.6408369666924473e-06,0.13229906588602036,0.746858815607125,1.0104284283180879e-05,1.0
isle_royale_wolf_moose_pre_2018,25.0,0.5,0.17712658958701347,0.10629823856964611,0.14607043551269316,0.15307906027581736,0.28479354830868503,0.22862694925705787,1.280194327852071,0.0,True,0.95,3.841458820694124,success,0.34165415475974803,1635.651598833876,0.005232153898441507,3.643763542752533e-06,0.13225366177338807,0.7476013745189817,1.010040806674779e-05,1.0
isle_royale_wolf_moose_pre_2018,37.5,0.75,0.17722880796807716,0.10615360909473545,0.14607983963850638,0.15307937396285015,0.2851751014017774,0.22886473427810164,1.2803591729287043,0.0077254426502968735,True,0.95,3.841458820694124,success,0.34246860436910687,1633.2557341900695,0.0052262039770589255,3.6446320517554104e-06,0.13224068708287207,0.7466561069255524,1.0100466937744763e-05,1.0
isle_royale_wolf_moose_pre_2018,50.0,1.0,0.17728068780865797,0.10610981752685955,0.14609540657648046,0.15303907076293322,0.28504388831073524,0.22876950784936897,1.2806320693648279,0.020512511937367188,True,0.95,3.841458820694124,success,0.3426953810375873,1632.1631736262354,0.0052274478055256285,3.6450419334625556e-06,0.13216175478746936,0.7462237850942689,1.0101811401673365e-05,1.0
isle_royale_wolf_moose_pre_2018,75.0,1.5,0.1770346279603368,0.10652757877487407,0.14609822814923507,0.1531148259129048,0.28452101334378466,0.2284692068403456,1.2806815361007564,0.022830075979309417,True,0.95,3.841458820694124,success,0.3421115824803551,1637.8389132459467,0.005259125751226492,3.6488383293033828e-06,0.13156868383039663,0.7473896186567908,1.009978304702328e-05,1.0
isle_royale_wolf_moose_pre_2018,100.0,2.0,0.17712882177162192,0.10633101576797363,0.1460837164376168,0.15307534243104332,0.2847472085211249,0.22859684295824623,1.2804271324935619,0.010910069093972352,True,0.95,3.841458820694124,success,0.3416718481737537,1635.5769795597025,0.005232527092180979,3.643991015346795e-06,0.1322366594985941,0.7475650728758786,1.009999331940913e-05,1.0
isle_royale_wolf_moose_pre_2018,150.0,3.0,0.177023157919003,0.10650086400602386,0.14608153968528306,0.15307271276450907,0.284407426853779,0.2283843688200591,1.280388974209376,0.009121969553876216,True,0.95,3.841458820694124,success,0.341201998301851,1637.6612246558095,0.005242569608718261,3.6458357840583365e-06,0.13215714895001554,0.7484568622590542,1.010250327265574e-05,1.0
isle_royale_wolf_moose_pre_2018,250.0,5.0,0.17723632753290824,0.10614464854728498,0.1460811456221832,0.15316838896356041,0.28517508004530256,0.22889449715593566,1.2803820663773695,0.008798262425186094,True,0.95,3.841458820694124,success,0.34402403810130616,1629.6568617043301,0.005231111475827966,3.6471145339896655e-06,0.13254898587246,0.7490576074549404,1.010589616309421e-05,1.0
