date,no.,site,day,assay,fullrep,position,iweight,fweight,diff,diff.con,pro.diff,diffcronin,percronin,procronin,gcronin,gsubtract
27/09/2016,1,rl,1,1,rl_1_1,1,40.6,34.6,6,4.2,10.34482759,3.906017192,9.620732,0.09620732,3.906017192,4.2
27/09/2016,2,rl,1,1,rl_1_1,2,47.3,37.6,9.7,7.9,16.70190275,7.260458453,15.34980645,0.153498065,7.260458475,7.9
27/09/2016,3,rl,1,1,rl_1_1,3,42.9,32.4,10.5,8.7,20.27972028,8.28739255,19.31793135,0.193179314,8.287392571,8.7
27/09/2016,4,rl,1,1,rl_1_1,4,47.8,27.3,20.5,18.7,39.12133891,18.03467049,37.72943617,0.377294362,18.0346705,18.7
27/09/2016,5,rl,1,1,rl_1_1,c,34.9,33.1,1.8,,5.157593123,0,0,0,0,0
27/09/2016,6,rl,1,1,rl_1_1,p,50.9,32.1,18.8,17,33.39882122,16.1747851,31.77757387,0.317775739,16.17478512,17
27/09/2016,7,rl,1,2,rl_1_2,1,42.7,39.2,3.5,1.6,3.7470726,0.673170732,1.576512252,0.015765123,0.673170752,1.6
27/09/2016,8,rl,1,2,rl_1_2,2,27.8,21.9,5.9,4,14.38848921,4.059581882,14.60281252,0.146028125,4.059581875,4
27/09/2016,9,rl,1,2,rl_1_2,3,31.5,11.9,19.6,17.7,56.19047619,17.51463415,55.60201316,0.556020132,17.51463416,17.7
27/09/2016,10,rl,1,2,rl_1_2,4,34.2,16.2,18,16.1,47.07602339,15.7358885,46.01136989,0.460113699,15.73588851,16.1
27/09/2016,11,rl,1,2,rl_1_2,c,28.7,26.8,1.9,,6.620209059,0,0,0,0,0
27/09/2016,12,rl,1,2,rl_1_2,p,35,22.4,12.6,10.7,30.57142857,10.28292683,29.37979094,0.293797909,10.28292682,10.7
28/09/2016,13,ks,2,1,ks_2_1,1,45.9,42.4,3.5,1.5,3.267973856,0.622257053,1.355679855,0.013556799,0.622257074,1.5
28/09/2016,14,ks,2,1,ks_2_1,2,53.4,49.4,4,2,3.745318352,0.652037618,1.221044228,0.012210442,0.652037603,2
28/09/2016,15,ks,2,1,ks_2_1,3,39.9,36.5,3.4,1.4,3.50877193,0.898432602,2.251710782,0.022517108,0.898432609,1.4
28/09/2016,16,ks,2,1,ks_2_1,4,37.6,34.3,3.3,1.3,3.457446809,0.942633229,2.507003268,0.025070033,0.942633241,1.3
28/09/2016,17,ks,2,1,ks_2_1,c,31.9,29.9,2,,6.269592476,0,0,0,0,0
28/09/2016,18,ks,2,1,ks_2_1,p,41.6,33.6,8,6,14.42307692,5.39184953,12.96117675,0.129611768,5.391849549,6
28/09/2016,19,ks,2,2,ks_2_2,1,48.8,44.3,4.5,3.1,6.352459016,3.027586207,6.204070096,0.062040701,3.027586209,3.1
28/09/2016,20,ks,2,2,ks_2_2,2,33.8,27.5,6.3,4.9,14.49704142,5.280172414,15.62181188,0.156218119,5.280172422,4.9
28/09/2016,21,ks,2,2,ks_2_2,3,34.5,27.8,6.7,5.3,15.36231884,5.659051724,16.40304848,0.164030485,5.659051733,5.3
28/09/2016,22,ks,2,2,ks_2_2,4,40.3,34.2,6.1,4.7,11.66253102,4.884051724,12.11923505,0.12119235,4.884051705,4.7
28/09/2016,23,ks,2,2,ks_2_2,c,46.4,45,1.4,,3.017241379,0,0,0,0,0
28/09/2016,24,ks,2,2,ks_2_2,p,48,40.7,7.3,5.9,12.29166667,5.851724138,12.19109195,0.12191092,5.85172416,5.9
29/09/2016,25,rl,3,1,rl_3_1,1,33,30.9,2.1,0.8,2.424242424,1.372881356,4.160246533,0.041602465,1.372881345,0.8
29/09/2016,26,rl,3,1,rl_3_1,2,43.2,40.7,2.5,1.2,2.777777778,1.548135593,3.583647207,0.035836472,1.54813559,1.2
29/09/2016,27,rl,3,1,rl_3_1,3,50.6,41.8,8.8,7.5,14.82213439,7.685084746,15.18791452,0.151879145,7.685084737,7.5
29/09/2016,28,rl,3,1,rl_3_1,4,43.7,32.1,11.6,10.3,23.56979405,10.63711864,24.3412326,0.243412326,10.63711865,10.3
29/09/2016,29,rl,3,1,rl_3_1,c,59,57.7,1.3,,2.203389831,0,0,0,0,0
29/09/2016,30,rl,3,1,rl_3_1,p,53.7,35.4,18.3,17,31.65735568,17.11677966,31.87482246,0.318748225,17.11677968,17
29/09/2016,31,rl,3,2,rl_3_2,1,41.3,39.7,1.6,0.6,1.452784504,0.513157895,1.242513062,0.012425131,0.51315791,0.6
29/09/2016,32,rl,3,2,rl_3_2,2,38.3,37.3,1,0,0,0,0,0,0,0
29/09/2016,33,rl,3,2,rl_3_2,3,33.6,32.6,1,0,0,0.115789474,0.344611529,0.003446115,0.115789464,0
29/09/2016,34,rl,3,2,rl_3_2,4,37.3,35.5,1.8,0.8,2.144772118,0.818421053,2.194158318,0.021941583,0.818421046,0.8
29/09/2016,35,rl,3,2,rl_3_2,c,38,37,1,,2.631578947,0,0,0,0,0
29/09/2016,36,rl,3,2,rl_3_2,p,41.7,37.5,4.2,3.2,7.673860911,3.102631579,7.440363499,0.074403635,3.10263158,3.2
30/09/2016,37,ks,4,1,ks_4_1,1,47.4,44,3.4,0.2,0.421940928,0.657142857,1.386377336,0.013863773,0.65714284,0.2
30/09/2016,38,ks,4,1,ks_4_1,2,34.2,25.3,8.9,5.7,16.66666667,6.920976492,20.23677337,0.202367734,6.920976503,5.7
30/09/2016,39,ks,4,1,ks_4_1,3,44.1,36.1,8,4.8,10.88435374,5.448101266,12.35397112,0.123539711,5.448101255,4.8
30/09/2016,40,ks,4,1,ks_4_1,4,38.8,34.2,4.6,1.4,3.608247423,2.354792043,6.069051658,0.060690517,2.35479206,1.4
30/09/2016,41,ks,4,1,ks_4_1,c,55.3,52.1,3.2,,5.786618445,0,0,0,0,0
30/09/2016,42,ks,4,1,ks_4_1,p,35.1,27.4,7.7,4.5,12.82051282,5.668896926,16.15070349,0.161507035,5.668896929,4.5
30/09/2016,43,ks,4,2,ks_4_2,1,44.3,43.6,0.7,0.5,1.128668172,0.499547511,1.127646752,0.011276468,0.499547532,0.5
30/09/2016,44,ks,4,2,ks_4_2,2,44.5,43.5,1,0.8,1.797752809,0.798642534,1.794702323,0.017947023,0.798642524,0.8
30/09/2016,45,ks,4,2,ks_4_2,3,59.2,56.9,2.3,2.1,3.547297297,2.032126697,3.432646447,0.034326464,2.032126669,2.1
30/09/2016,46,ks,4,2,ks_4_2,4,31.2,30.2,1,0.8,2.564102564,0.858823529,2.752639517,0.027526395,0.858823524,0.8
30/09/2016,47,ks,4,2,ks_4_2,c,44.2,44,0.2,,0.452488688,0,0,0,0,0
30/09/2016,48,ks,4,2,ks_4_2,p,43.5,39.2,4.3,4.1,9.425287356,4.103167421,9.432568783,0.094325688,4.103167428,4.1
3/10/2016,49,rl,5,1,rl_5_1,1,45.4,40.5,4.9,2.9,6.387665198,2.547668394,5.611604392,0.056116044,2.547668398,2.9
3/10/2016,50,rl,5,1,rl_5_1,2,49.5,43.4,6.1,4.1,8.282828283,3.535233161,7.141885173,0.071418852,3.535233174,4.1
3/10/2016,51,rl,5,1,rl_5_1,3,51.1,40.3,10.8,8.8,17.22113503,8.152331606,15.9536822,0.159536822,8.152331604,8.8
3/10/2016,52,rl,5,1,rl_5_1,4,43.9,35.2,8.7,6.7,15.261959,6.425388601,14.6364205,0.146364205,6.4253886,6.7
3/10/2016,53,rl,5,1,rl_5_1,c,38.6,36.6,2,,5.18134715,0,0,0,0,0
3/10/2016,54,rl,5,1,rl_5_1,p,42.8,30.3,12.5,10.5,24.53271028,10.28238342,24.02426033,0.240242603,10.28238341,10.5
3/10/2016,55,rl,5,2,rl_5_2,1,57.8,52.8,5,3.7,6.401384083,3.330222222,5.761630142,0.057616301,3.330222198,3.7
3/10/2016,56,rl,5,2,rl_5_2,2,44.6,39.1,5.5,4.2,9.417040359,4.211555556,9.442949676,0.094429497,4.211555566,4.2
3/10/2016,57,rl,5,2,rl_5_2,3,39.7,33.1,6.6,5.3,13.35012594,5.453111111,13.73579625,0.137357962,5.453111091,5.3
3/10/2016,58,rl,5,2,rl_5_2,4,39.4,30.3,9.1,7.8,19.79695431,7.961777778,20.20755781,0.202075578,7.961777773,7.8
3/10/2016,59,rl,5,2,rl_5_2,c,45,43.7,1.3,,2.888888889,0,0,0,0,0
3/10/2016,60,rl,5,2,rl_5_2,p,54.8,39.7,15.1,13.8,25.18248175,13.51688889,24.66585564,0.246658556,13.51688887,13.8
4/10/2016,61,ks,6,1,ks_6_1,1,39.2,34.5,4.7,2.2,5.612244898,2.225252525,5.676664605,0.056766646,2.225252523,2.2
4/10/2016,62,ks,6,1,ks_6_1,2,36.6,30,6.6,4.1,11.20218579,4.289393939,11.71965557,0.117196556,4.28939395,4.1
4/10/2016,63,ks,6,1,ks_6_1,3,45,38.6,6.4,3.9,8.666666667,3.559090909,7.909090909,0.079090909,3.559090905,3.9
4/10/2016,64,ks,6,1,ks_6_1,4,46,38.3,7.7,5.2,11.30434783,4.795959596,10.42599912,0.104259991,4.795959586,5.2
4/10/2016,65,ks,6,1,ks_6_1,c,39.6,37.1,2.5,,6.313131313,0,0,0,0,0
4/10/2016,66,ks,6,1,ks_6_1,p,44.1,36.2,7.9,5.4,12.24489796,5.115909091,11.60070089,0.116007009,5.115909097,5.4
4/10/2016,67,ks,6,2,ks_6_2,1,38,36.2,1.8,0.8,2.105263158,0.772972973,2.034139403,0.020341394,0.772972972,0.8
4/10/2016,68,ks,6,2,ks_6_2,2,39,35.2,3.8,2.8,7.179487179,2.745945946,7.040887041,0.07040887,2.74594593,2.8
4/10/2016,69,ks,6,2,ks_6_2,3,38.2,31.9,6.3,5.3,13.87434555,5.267567568,13.78944389,0.137894439,5.26756757,5.3
4/10/2016,70,ks,6,2,ks_6_2,4,57.8,46.9,10.9,9.9,17.12802768,9.337837838,16.15542879,0.161554288,9.337837846,9.9
4/10/2016,71,ks,6,2,ks_6_2,c,37,36,1,,2.702702703,0,0,0,0,0
4/10/2016,72,ks,6,2,ks_6_2,p,53.9,44.8,9.1,8.1,15.02782931,7.643243243,14.18041418,0.141804142,7.643243254,8.1
5/10/2016,73,rl,7,1,rl_7_1,1,38.8,35.6,3.2,0.4,1.030927835,1.065618861,2.746440362,0.027464404,1.065618875,0.4
5/10/2016,74,rl,7,1,rl_7_1,2,40.3,35.5,4.8,2,4.962779156,2.583104126,6.409687657,0.064096877,2.583104143,2
5/10/2016,75,rl,7,1,rl_7_1,3,63.1,46.1,17,14.2,22.50396197,13.52888016,21.4403806,0.214403806,13.52888016,14.2
5/10/2016,76,rl,7,1,rl_7_1,4,61.1,46.3,14.8,12,19.63993453,11.4388998,18.72160361,0.187216036,11.4388998,12
5/10/2016,77,rl,7,1,rl_7_1,c,50.9,48.1,2.8,,5.500982318,0,0,0,0,0
5/10/2016,78,rl,7,1,rl_7_1,p,54.4,42.6,11.8,9,16.54411765,8.807465619,16.19019415,0.161901942,8.807465645,9
5/10/2016,79,rl,7,2,rl_7_2,1,40.5,34.2,6.3,4,9.87654321,4.6828125,11.5625,0.115625,4.6828125,4
5/10/2016,80,rl,7,2,rl_7_2,2,57.6,51.1,6.5,4.2,7.291666667,4.2,7.291666667,0.072916667,4.200000019,4.2
5/10/2016,81,rl,7,2,rl_7_2,3,43.3,32.8,10.5,8.2,18.93764434,8.771006944,20.25636708,0.202563671,8.771006954,8.2
5/10/2016,82,rl,7,2,rl_7_2,4,55.2,41.1,14.1,11.8,21.37681159,11.89583333,21.55042271,0.215504227,11.89583333,11.8
5/10/2016,83,rl,7,2,rl_7_2,c,57.6,55.3,2.3,,3.993055556,0,0,0,0,0
5/10/2016,84,rl,7,2,rl_7_2,p,58.6,46.8,11.8,9.5,16.2116041,9.460069444,16.14346322,0.161434632,9.460069435,9.5
6/10/2016,85,ks,8,1,ks_8_1,1,64.8,55.6,5.6,2.9,4.475308642,6.373505654,9.835656874,0.098356569,6.373505671,2.9
6/10/2016,86,ks,8,1,ks_8_1,2,48,42.4,6.7,4,8.333333333,3.506300485,7.304792676,0.073047927,3.506300496,4
6/10/2016,87,ks,8,1,ks_8_1,3,54.9,48.2,9.2,6.5,11.83970856,4.305331179,7.842133296,0.078421333,4.305331182,6.5
6/10/2016,88,ks,8,1,ks_8_1,4,52,43.9,8.1,5.4,10.38461538,5.831825525,11.21504909,0.112150491,5.831825532,5.4
6/10/2016,89,ks,8,1,ks_8_1,c,61.9,59.2,2.7,,4.36187399,0,0,0,0,0
6/10/2016,90,ks,8,1,ks_8_1,p,44.4,35.8,8.6,5.9,13.28828829,6.663327948,15.00749538,0.150074954,6.663327958,5.9
6/10/2016,91,ks,8,2,ks_8_2,1,36.5,31.9,4.6,2.4,6.575342466,2.997205589,8.211522161,0.082115222,2.997205603,2.4
6/10/2016,92,ks,8,2,ks_8_2,2,47.7,41.4,6.3,4.1,8.595387841,4.205389222,8.816329605,0.088163296,4.205389219,4.1
6/10/2016,93,ks,8,2,ks_8_2,3,50.8,44.1,6.7,4.5,8.858267717,4.469261477,8.797758813,0.087977588,4.46926147,4.5
6/10/2016,94,ks,8,2,ks_8_2,4,47.5,41.8,5.7,3.5,7.368421053,3.614171657,7.608782435,0.076087824,3.61417164,3.5
6/10/2016,95,ks,8,2,ks_8_2,c,50.1,47.9,2.2,,4.391217565,0,0,0,0,0
6/10/2016,96,ks,8,2,ks_8_2,p,39.2,31.9,7.3,5.1,13.01020408,5.578642715,14.23123141,0.142312314,5.578642709,5.1