year,region,area,lynx_family_groups,lynx_family_groups_intrapolated,lynx_harvest,roe_deer_harvest_mean,roe_deer_harvest_sd,roe_deer_harvest_lower,roe_deer_harvest_upper
1994,1,5.85,24,24,0,1273,272,885,1951
1995,1,5.85,24,24,0,599,208,297,1114
1996,1,5.85,24,24,0,554,214,261,1099
1997,1,5.85,NA,23,1,192,78,74,379
1998,1,5.85,22,22,2,175,86,53,391
1999,1,5.85,NA,18,6,147,65,51,307
2000,1,5.85,13,13,7,156,62,62,305
2001,1,5.85,10,10,2,216,69,102,374
2002,1,5.85,NA,11,4,224,68,115,380
2003,1,5.85,11,11,3,270,86,130,468
2004,1,5.85,NA,9,0,323,95,169,543
2005,1,5.85,6,6,0,383,111,204,641
2006,1,5.85,8,8,1,419,121,222,698
2007,1,5.85,7,7,1,332,98,180,565
2008,1,5.85,7,7,0,482,145,244,814
2009,1,5.85,7,7,0,658,185,360,1087
2010,1,5.85,7,7,2,680,184,387,1107
2011,1,5.85,8,8,7,616,182,335,1049
2012,1,5.85,6,6,8,721,205,402,1207
2013,1,5.85,4,4,7,643,209,331,1149
2014,1,5.85,3,3,3,642,191,346,1094
2015,1,5.85,3,3,0,597,188,296,1031
2016,1,5.85,4,4,0,686,190,383,1129
2017,1,5.85,4,4,0,815,226,458,1343
2018,1,5.85,5,5,0,735,236,379,1305
2019,1,5.85,5,5,0,738,252,359,1346
2020,1,5.85,3,3,1,838,269,433,1489
2021,1,5.85,5,5,0,878,286,455,1578
2022,1,5.85,5,5,0,NA,NA,NA,NA
1994,2,24.12,29,29,0,2014,366,1422,2858
1995,2,24.12,30,30,0,1134,293,731,1879
1996,2,24.12,27,27,0,877,304,435,1627
1997,2,24.12,NA,25,4,590,201,292,1078
1998,2,24.12,23,23,9,463,227,161,1051
1999,2,24.12,NA,25,11,422,203,180,977
2000,2,24.12,27,27,13,401,188,170,908
2001,2,24.12,32,32,16,460,178,228,926
2002,2,24.12,NA,28,6,434,166,219,869
2003,2,24.12,24,24,4,491,190,246,989
2004,2,24.12,NA,22,1,532,214,241,1080
2005,2,24.12,19,19,0,567,214,272,1109
2006,2,24.12,16,16,3,605,230,301,1201
2007,2,24.12,25,25,4,501,198,243,1020
2008,2,24.12,23,23,4,710,261,341,1363
2009,2,24.12,12,12,6,988,302,535,1719
2010,2,24.12,15,15,13,893,274,493,1566
2011,2,24.12,18,18,3,770,248,410,1382
2012,2,24.12,22,22,1,838,294,422,1573
2013,2,24.12,14,14,3,845,322,383,1646
2014,2,24.12,9,9,0,949,332,453,1754
2015,2,24.12,8,8,0,983,315,511,1746
2016,2,24.12,12,12,0,944,307,473,1678
2017,2,24.12,13,13,5,1021,347,509,1870
2018,2,24.12,12,12,2,931,373,405,1866
2019,2,24.12,19,19,4,932,344,426,1775
2020,2,24.12,14,14,9,1126,359,601,2007
2021,2,24.12,16,16,5,1133,378,589,2069
2022,2,24.12,16,16,6,NA,NA,NA,NA
1994,3,16.45,17,17,0,4542,807,3223,6386
1995,3,16.45,27,27,0,3187,572,2260,4503
1996,3,16.45,26,26,0,3229,572,2302,4545
1997,3,16.45,NA,24,1,2088,366,1496,2932
1998,3,16.45,22,22,9,1399,248,1062,2034
1999,3,16.45,NA,23,10,1542,257,1212,2221
2000,3,16.45,24,24,13,1163,208,901,1717
2001,3,16.45,14,14,3,1302,248,965,1939
2002,3,16.45,NA,14,5,1411,221,1131,1996
2003,3,16.45,14,14,2,1115,249,789,1767
2004,3,16.45,NA,18,0,1033,209,764,1582
2005,3,16.45,21,21,0,1055,229,732,1630
2006,3,16.45,26,26,5,1108,238,783,1715
2007,3,16.45,18,18,8,984,212,708,1540
2008,3,16.45,16,16,9,1347,315,899,2135
2009,3,16.45,12,12,12,1339,309,870,2080
2010,3,16.45,10,10,11,1208,287,779,1904
2011,3,16.45,8,8,1,1018,256,636,1641
2012,3,16.45,8,8,0,1229,296,790,1949
2013,3,16.45,9,9,5,1214,293,775,1924
2014,3,16.45,6,6,0,1483,395,858,2406
2015,3,16.45,7,7,0,1602,391,986,2519
2016,3,16.45,7,7,0,1492,377,893,2369
2017,3,16.45,11,11,2,1561,322,1055,2317
2018,3,16.45,7,7,1,1754,369,1163,2610
2019,3,16.45,11,11,0,1652,349,1092,2462
2020,3,16.45,8,8,10,1926,377,1312,2788
2021,3,16.45,7,7,4,1737,388,1131,2651
2022,3,16.45,9,9,11,NA,NA,NA,NA
1994,4,17.64,30,30,0,11173,1314,8955,14104
1995,4,17.64,34,34,0,7602,909,6079,9644
1996,4,17.64,52,52,0,6140,917,4626,8220
1997,4,17.64,NA,59,2,5931,860,4527,7899
1998,4,17.64,66,66,9,4595,654,3510,6073
1999,4,17.64,NA,60,17,4731,605,3748,6121
2000,4,17.64,53,53,23,3470,498,2660,4611
2001,4,17.64,43,43,14,3147,485,2368,4268
2002,4,17.64,NA,36,11,2748,447,2033,3785
2003,4,17.64,29,29,13,2585,393,1975,3517
2004,4,17.64,NA,25,0,2556,457,1827,3619
2005,4,17.64,20,20,0,2484,478,1695,3569
2006,4,17.64,21,21,6,2148,451,1432,3201
2007,4,17.64,23,23,6,1887,357,1341,2741
2008,4,17.64,21,21,11,2449,489,1671,3586
2009,4,17.64,16,16,16,2386,468,1621,3456
2010,4,17.64,NA,14,14,1935,370,1341,2790
2011,4,17.64,12,12,0,1725,314,1221,2453
2012,4,17.64,17,17,2,2140,363,1549,2973
2013,4,17.64,12,12,4,2272,435,1557,3262
2014,4,17.64,9,9,0,2777,503,1932,3902
2015,4,17.64,6,6,0,2654,499,1824,3780
2016,4,17.64,12,12,0,2631,495,1805,3746
2017,4,17.64,14,14,5,2768,539,1901,4014
2018,4,17.64,8,8,4,2865,566,1952,4172
2019,4,17.64,11,11,1,2608,508,1769,3761
2020,4,17.64,10,10,13,3021,530,2156,4234
2021,4,17.64,9,9,8,3024,583,2079,4366
2022,4,17.64,17,17,9,NA,NA,NA,NA
1994,5,17.54,11,11,0,25092,3579,18930,32961
1995,5,17.54,17,17,0,17364,2273,13452,22363
1996,5,17.54,26,26,0,15864,2079,12314,20464
1997,5,17.54,NA,28,0,15245,2156,11580,20032
1998,5,17.54,30,30,6,11785,1306,9557,14678
1999,5,17.54,NA,43,3,11949,1240,9841,14701
2000,5,17.54,56,56,20,9056,1073,7243,11450
2001,5,17.54,62,62,17,7944,960,6319,10081
2002,5,17.54,NA,53,15,6609,860,5187,8557
2003,5,17.54,43,43,12,6098,846,4709,8024
2004,5,17.54,44,44,0,6119,974,4512,8332
2005,5,17.54,44,44,0,5202,900,3716,7245
2006,5,17.54,45,45,9,4530,820,3189,6405
2007,5,17.54,34,34,12,3413,587,2464,4765
2008,5,17.54,32,32,11,3803,771,2544,5567
2009,5,17.54,21,21,15,4100,796,2786,5908
2010,5,17.54,NA,15,12,3391,660,2316,4902
2011,5,17.54,23,23,6,2903,507,2076,4062
2012,5,17.54,NA,21,5,3547,561,2625,4826
2013,5,17.54,20,20,7,3544,633,2512,4995
2014,5,17.54,14,14,0,4397,717,3210,6022
2015,5,17.54,11,11,0,4167,678,3035,5692
2016,5,17.54,21,21,0,4148,673,3029,5666
2017,5,17.54,13,13,3,4558,794,3260,6371
2018,5,17.54,16,16,8,4584,789,3298,6390
2019,5,17.54,18,18,8,4311,678,3221,5878
2020,5,17.54,10,10,10,4880,780,3613,6670
2021,5,17.54,16,16,5,5340,875,3921,7350
2022,5,17.54,22,22,10,NA,NA,NA,NA
1996,6,23.88,7,7,0,27245,3201,21670,34218
1997,6,23.88,NA,8,0,25356,3579,19194,33225
1998,6,23.88,8,8,2,24152,2617,19632,29891
1999,6,23.88,NA,20,0,24946,2865,19976,31207
2000,6,23.88,31,31,7,23126,2388,18985,28344
2001,6,23.88,32,32,7,21247,2288,17325,26294
2002,6,23.88,NA,36,6,17635,2262,13811,22678
2003,6,23.88,40,40,6,19566,2441,15375,24943
2004,6,23.88,NA,46,0,18914,2526,14558,24458
2005,6,23.88,52,52,0,17562,2374,13505,22812
2006,6,23.88,47,47,11,15376,2302,11485,20508
2007,6,23.88,41,41,17,12712,1949,9471,17112
2008,6,23.88,36,36,13,13385,2203,9683,18320
2009,6,23.88,49,49,19,14313,2036,10813,18794
2010,6,23.88,NA,36,28,10065,1418,7667,13224
2011,6,23.88,49,49,16,8194,1102,6295,10616
2012,6,23.88,NA,31,18,9170,1121,7258,11654
2013,6,23.88,27,27,14,8610,1157,6649,11183
2014,6,23.88,19,19,0,9935,1197,7894,12585
2015,6,23.88,19,19,0,9469,1191,7417,12087
2016,6,23.88,21,21,1,9618,1235,7490,12330
2017,6,23.88,13,13,6,9886,1504,7352,13248
2018,6,23.88,27,27,1,10198,1385,7866,13295
2019,6,23.88,16,16,6,9859,1273,7737,12727
2020,6,23.88,14,14,4,10237,1236,8144,12991
2021,6,23.88,29,29,5,11383,1391,9040,14492
2022,6,23.88,25,25,14,NA,NA,NA,NA
1999,7,25.79,2,2,0,32496,4239,25238,41854
2000,7,25.79,3,3,0,29648,3536,23485,37346
2001,7,25.79,5,5,0,28855,3281,23113,35973
2002,7,25.79,NA,5,0,28186,2996,22953,34698
2003,7,25.79,5,5,0,30273,3671,23897,38287
2004,7,25.79,NA,6,0,30366,3834,23737,38766
2005,7,25.79,7,7,0,28451,3746,22014,36697
2006,7,25.79,13,13,0,26595,3406,20678,34030
2007,7,25.79,16,16,2,21487,2909,16515,27919
2008,7,25.79,21,21,4,25054,3753,18647,33357
2009,7,25.79,17,17,3,24739,3533,18637,32488
2010,7,25.79,NA,20,4,18889,2729,14185,24884
2011,7,25.79,23,23,1,13183,1959,9870,17548
2012,7,25.79,NA,16,4,15459,2079,11874,20024
2013,7,25.79,17,17,5,14771,2010,11332,19213
2014,7,25.79,NA,15,0,17351,2172,13583,22099
2015,7,25.79,13,13,0,16158,2060,12608,20682
2016,7,25.79,13,13,0,16312,2013,12813,20705
2017,7,25.79,11,11,0,16230,2293,12301,21291
2018,7,25.79,15,15,0,15937,2127,12314,20650
2019,7,25.79,11,11,4,15832,2032,12355,20320
2020,7,25.79,11,11,2,18923,2194,15123,23725
2021,7,25.79,14,14,2,22215,2651,17645,28038
2022,7,25.79,16,16,3,NA,NA,NA,NA