species,tank,cage,individual,treatment,act.mm,head.width.mm,fish,act.avg,unique.ind,unique.cage.1
ensi,1,2,11,free.fish,184,2.810393,0,154.0666667,25,2
ensi,1,2,12,free.fish,349,2.202193,0,154.0666667,26,2
ensi,1,2,13,free.fish,131,1.784483,0,154.0666667,27,2
ensi,1,2,14,free.fish,14,2.084055,0,154.0666667,28,2
ensi,1,2,15,free.fish,22,2.158459,0,154.0666667,29,2
ensi,1,2,11,free.fish,435,2.810393,1,345.4,25,2
ensi,1,2,12,free.fish,467,2.202193,1,345.4,26,2
ensi,1,2,13,free.fish,383,1.784483,1,345.4,27,2
ensi,1,2,14,free.fish,370,2.084055,1,345.4,28,2
ensi,1,2,15,free.fish,368,2.158459,1,345.4,29,2
ensi,1,1,1,free.fish,189,2.666454,0,185,1,1
ensi,1,1,2,free.fish,243,2.794158,0,185,2,1
ensi,1,1,3,free.fish,300,2.567696,0,185,3,1
ensi,1,1,4,free.fish,167,2.113504,0,185,4,1
ensi,1,1,5,free.fish,401,2.533282,0,185,5,1
ensi,1,1,6,free.fish,266,2.397829,0,185,6,1
ensi,1,1,7,free.fish,67,2.899188,0,185,7,1
ensi,1,1,8,free.fish,357,2.124909,0,185,8,1
ensi,1,1,9,free.fish,178,2.678764,0,185,9,1
ensi,1,1,10,free.fish,145,2.555624,0,185,10,1
ensi,1,1,11,free.fish,153,2.524183,0,185,11,1
ensi,1,1,12,free.fish,101,2.297021,0,185,12,1
ensi,1,1,13,free.fish,23,2.935247,0,185,13,1
ensi,1,1,14,free.fish,0,3.123583,0,185,14,1
ensi,1,2,1,free.fish,194,2.90403,0,154.0666667,15,2
ensi,1,2,2,free.fish,6,2.148138,0,154.0666667,16,2
ensi,1,2,3,free.fish,30,2.650607,0,154.0666667,17,2
ensi,1,2,4,free.fish,285,2.021459,0,154.0666667,18,2
ensi,1,2,5,free.fish,67,2.800532,0,154.0666667,19,2
ensi,1,2,6,free.fish,148,2.755018,0,154.0666667,20,2
ensi,1,2,7,free.fish,111,2.850564,0,154.0666667,21,2
ensi,1,2,8,free.fish,162,2.112038,0,154.0666667,22,2
ensi,1,2,9,free.fish,354,2.391515,0,154.0666667,23,2
ensi,1,2,10,free.fish,254,2.080985,0,154.0666667,24,2
ensi,1,3,1,free.fish,354,2.291506,0,135,30,3
ensi,1,3,2,free.fish,127,2.783967,0,135,31,3
ensi,1,3,3,free.fish,223,2.090175,0,135,32,3
ensi,1,3,4,free.fish,115,2.112664,0,135,33,3
ensi,1,3,5,free.fish,249,2.343164,0,135,34,3
ensi,1,3,6,free.fish,5,2.687412,0,135,35,3
ensi,1,3,7,free.fish,125,1.701633,0,135,36,3
ensi,1,3,8,free.fish,0,2.038138,0,135,37,3
ensi,1,3,9,free.fish,45,2.377312,0,135,38,3
ensi,1,3,10,free.fish,107,2.087885,0,135,39,3
ensi,2,1,1,free.fish,419,2.675581,0,203.8181818,40,4
ensi,2,1,2,free.fish,206,2.613156,0,203.8181818,41,4
ensi,2,1,3,free.fish,102,2.061048,0,203.8181818,42,4
ensi,2,1,4,free.fish,147,2.162664,0,203.8181818,43,4
ensi,2,1,5,free.fish,167,2.468707,0,203.8181818,44,4
ensi,2,1,6,free.fish,232,2.686244,0,203.8181818,45,4
ensi,2,1,7,free.fish,88,1.917345,0,203.8181818,46,4
ensi,2,1,8,free.fish,272,2.076064,0,203.8181818,47,4
ensi,2,1,9,free.fish,311,2.677959,0,203.8181818,48,4
ensi,2,1,10,free.fish,18,2.600889,0,203.8181818,49,4
ensi,2,1,11,free.fish,280,1.823101,0,203.8181818,50,4
ensi,2,3,1,free.fish,130,2.509911,0,207.3125,51,5
ensi,2,3,2,free.fish,239,2.672505,0,207.3125,52,5
ensi,2,3,3,free.fish,174,2.064776,0,207.3125,53,5
ensi,2,3,4,free.fish,330,2.358464,0,207.3125,54,5
ensi,2,3,5,free.fish,60,2.213803,0,207.3125,55,5
ensi,2,3,6,free.fish,238,2.137337,0,207.3125,56,5
ensi,2,3,7,free.fish,174,2.569331,0,207.3125,57,5
ensi,2,3,8,free.fish,148,1.797797,0,207.3125,58,5
ensi,2,3,9,free.fish,211,2.527941,0,207.3125,59,5
ensi,2,3,10,free.fish,140,3.03231,0,207.3125,60,5
ensi,2,3,11,free.fish,186,2.036147,0,207.3125,61,5
ensi,2,3,12,free.fish,275,2.47516,0,207.3125,62,5
ensi,2,3,13,free.fish,499,2.517643,0,207.3125,63,5
ensi,2,3,14,free.fish,332,2.079811,0,207.3125,64,5
ensi,2,3,15,free.fish,69,2.044505,0,207.3125,65,5
ensi,2,3,16,free.fish,112,2.082898,0,207.3125,66,5
ensi,2,2,1,free.fish,276,2.646165,0,222.7333333,67,6
ensi,2,2,2,free.fish,383,1.914464,0,222.7333333,68,6
ensi,2,2,3,free.fish,208,2.100861,0,222.7333333,69,6
ensi,2,2,4,free.fish,376,2.67988,0,222.7333333,70,6
ensi,2,2,5,free.fish,232,1.930209,0,222.7333333,71,6
ensi,2,2,6,free.fish,228,2.585572,0,222.7333333,72,6
ensi,2,2,7,free.fish,63,2.056772,0,222.7333333,73,6
ensi,2,2,8,free.fish,295,1.777384,0,222.7333333,74,6
ensi,2,2,9,free.fish,298,1.973088,0,222.7333333,75,6
ensi,2,2,10,free.fish,214,2.142446,0,222.7333333,76,6
ensi,2,2,11,free.fish,223,2.917792,0,222.7333333,77,6
ensi,2,2,12,free.fish,180,1.95074,0,222.7333333,78,6
ensi,2,2,13,free.fish,148,2.758763,0,222.7333333,79,6
ensi,2,2,14,free.fish,10,2.120056,0,222.7333333,80,6
ensi,2,2,15,free.fish,207,2.018369,0,222.7333333,81,6
ensi,3,1,1,free.fish,154,1.754068,0,182,82,7
ensi,3,1,2,free.fish,78,2.521965,0,182,83,7
ensi,3,1,3,free.fish,270,2.48976,0,182,84,7
ensi,3,1,4,free.fish,159,2.96557,0,182,85,7
ensi,3,1,5,free.fish,259,2.635723,0,182,86,7
ensi,3,1,6,free.fish,241,2.501306,0,182,87,7
ensi,3,1,7,free.fish,140,1.970217,0,182,88,7
ensi,3,1,8,free.fish,17,2.222593,0,182,89,7
ensi,3,1,9,free.fish,235,2.56104,0,182,90,7
ensi,3,1,10,free.fish,244,2.100775,0,182,91,7
ensi,3,1,11,free.fish,205,1.537893,0,182,92,7
ensi,3,3,1,free.fish,238,2.697732,0,189.2307692,93,8
ensi,3,3,2,free.fish,191,2.148429,0,189.2307692,94,8
ensi,3,3,3,free.fish,385,2.635959,0,189.2307692,95,8
ensi,3,3,4,free.fish,30,2.582091,0,189.2307692,96,8
ensi,3,3,5,free.fish,240,2.512396,0,189.2307692,97,8
ensi,3,3,6,free.fish,267,1.695065,0,189.2307692,98,8
ensi,3,3,7,free.fish,133,1.917412,0,189.2307692,99,8
ensi,3,3,8,free.fish,202,2.17218,0,189.2307692,100,8
ensi,3,3,9,free.fish,232,2.423842,0,189.2307692,101,8
ensi,3,3,10,free.fish,100,1.388944,0,189.2307692,102,8
ensi,3,3,11,free.fish,33,2.613226,0,189.2307692,103,8
ensi,3,3,12,free.fish,278,2.138333,0,189.2307692,104,8
ensi,3,3,13,free.fish,131,1.761964,0,189.2307692,105,8
ensi,3,2,1,free.fish,147,2.061611,0,193.3571429,106,9
ensi,3,2,2,free.fish,126,2.085386,0,193.3571429,107,9
ensi,3,2,3,free.fish,120,2.024411,0,193.3571429,108,9
ensi,3,2,4,free.fish,344,2.19753,0,193.3571429,109,9
ensi,3,2,5,free.fish,46,2.45771,0,193.3571429,110,9
ensi,3,2,8,free.fish,377,2.202733,0,193.3571429,111,9
ensi,3,2,9,free.fish,271,2.643356,0,193.3571429,112,9
ensi,3,2,10,free.fish,120,2.120933,0,193.3571429,113,9
ensi,3,2,11,free.fish,258,1.653449,0,193.3571429,114,9
ensi,3,2,12,free.fish,212,2.393612,0,193.3571429,115,9
ensi,3,2,13,free.fish,214,2.010436,0,193.3571429,116,9
ensi,3,2,14,free.fish,83,2.470742,0,193.3571429,117,9
ensi,3,2,15,free.fish,173,2.229895,0,193.3571429,118,9
ensi,3,2,16,free.fish,216,1.697855,0,193.3571429,119,9
ensi,4,1,1,free.fish,370,2.440799,0,230.5333333,120,10
ensi,4,1,2,free.fish,342,2.848564,0,230.5333333,121,10
ensi,4,1,3,free.fish,359,2.462227,0,230.5333333,122,10
ensi,4,1,4,free.fish,226,2.428107,0,230.5333333,123,10
ensi,4,1,5,free.fish,306,2.090514,0,230.5333333,124,10
ensi,4,1,6,free.fish,165,2.032027,0,230.5333333,125,10
ensi,4,1,7,free.fish,86,2.73508,0,230.5333333,126,10
ensi,4,1,8,free.fish,243,2.604116,0,230.5333333,127,10
ensi,4,1,9,free.fish,108,2.507987,0,230.5333333,128,10
ensi,4,1,10,free.fish,309,2.575749,0,230.5333333,129,10
ensi,4,1,11,free.fish,181,1.679183,0,230.5333333,130,10
ensi,4,1,12,free.fish,89,2.72615,0,230.5333333,131,10
ensi,4,1,13,free.fish,157,1.843895,0,230.5333333,132,10
ensi,4,1,14,free.fish,433,1.671823,0,230.5333333,133,10
ensi,4,1,15,free.fish,84,1.322579,0,230.5333333,134,10
ensi,4,2,1,free.fish,328,2.609796,0,176.4285714,135,11
ensi,4,2,2,free.fish,272,2.086719,0,176.4285714,136,11
ensi,4,2,3,free.fish,31,2.287974,0,176.4285714,137,11
ensi,4,2,4,free.fish,50,2.397984,0,176.4285714,138,11
ensi,4,2,5,free.fish,148,2.351467,0,176.4285714,139,11
ensi,4,2,6,free.fish,242,2.260992,0,176.4285714,140,11
ensi,4,2,7,free.fish,126,2.621012,0,176.4285714,141,11
ensi,4,2,8,free.fish,63,2.19001,0,176.4285714,142,11
ensi,4,2,9,free.fish,159,2.548665,0,176.4285714,143,11
ensi,4,2,10,free.fish,198,2.465295,0,176.4285714,144,11
ensi,4,2,11,free.fish,178,1.971628,0,176.4285714,145,11
ensi,4,2,12,free.fish,303,2.525381,0,176.4285714,146,11
ensi,4,2,13,free.fish,372,1.904602,0,176.4285714,147,11
ensi,4,2,14,free.fish,0,1.992649,0,176.4285714,148,11
ensi,4,3,1,free.fish,133,2.72389,0,140.0714286,149,12
ensi,4,3,2,free.fish,122,2.260497,0,140.0714286,150,12
ensi,4,3,3,free.fish,178,1.832801,0,140.0714286,151,12
ensi,4,3,4,free.fish,68,2.536512,0,140.0714286,152,12
ensi,4,3,5,free.fish,320,2.546826,0,140.0714286,153,12
ensi,4,3,6,free.fish,80,2.22392,0,140.0714286,154,12
ensi,4,3,7,free.fish,113,2.308109,0,140.0714286,155,12
ensi,4,3,8,free.fish,32,2.397305,0,140.0714286,156,12
ensi,4,3,9,free.fish,35,2.243696,0,140.0714286,157,12
ensi,4,3,10,free.fish,175,1.717435,0,140.0714286,158,12
ensi,4,3,11,free.fish,40,1.558344,0,140.0714286,159,12
ensi,4,3,12,free.fish,446,2.012704,0,140.0714286,160,12
ensi,4,3,13,free.fish,74,1.528988,0,140.0714286,161,12
ensi,4,3,14,free.fish,145,2.269143,0,140.0714286,162,12
ensi,5,1,1,free.fish,19,2.468457,0,203.25,163,13
ensi,5,1,2,free.fish,271,1.791713,0,203.25,164,13
ensi,5,1,3,free.fish,214,2.465574,0,203.25,165,13
ensi,5,1,4,free.fish,197,2.417996,0,203.25,166,13
ensi,5,1,5,free.fish,318,2.534611,0,203.25,167,13
ensi,5,1,6,free.fish,310,2.267025,0,203.25,168,13
ensi,5,1,7,free.fish,79,2.607219,0,203.25,169,13
ensi,5,1,8,free.fish,201,1.838315,0,203.25,170,13
ensi,5,1,9,free.fish,107,2.125179,0,203.25,171,13
ensi,5,1,10,free.fish,314,2.188006,0,203.25,172,13
ensi,5,1,12,free.fish,226,1.819481,0,203.25,173,13
ensi,5,1,13,free.fish,183,1.504743,0,203.25,174,13
ensi,5,2,1,free.fish,0,2.671842,0,214.3333333,175,14
ensi,5,2,2,free.fish,172,2.507802,0,214.3333333,176,14
ensi,5,2,3,free.fish,307,1.643391,0,214.3333333,177,14
ensi,5,2,4,free.fish,131,2.205185,0,214.3333333,178,14
ensi,5,2,5,free.fish,367,2.788546,0,214.3333333,179,14
ensi,5,2,6,free.fish,250,2.156484,0,214.3333333,180,14
ensi,5,2,7,free.fish,279,2.513845,0,214.3333333,181,14
ensi,5,2,8,free.fish,213,2.518766,0,214.3333333,182,14
ensi,5,2,9,free.fish,135,2.486144,0,214.3333333,183,14
ensi,5,2,10,free.fish,280,1.970063,0,214.3333333,184,14
ensi,5,2,11,free.fish,211,2.474861,0,214.3333333,185,14
ensi,5,2,12,free.fish,187,1.6715,0,214.3333333,186,14
ensi,5,2,13,free.fish,315,2.651103,0,214.3333333,187,14
ensi,5,2,14,free.fish,190,2.059185,0,214.3333333,188,14
ensi,5,2,15,free.fish,178,1.676705,0,214.3333333,189,14
ensi,5,3,1,free.fish,86,2.530422,0,162.047619,190,15
ensi,5,3,2,free.fish,89,2.044711,0,162.047619,191,15
ensi,5,3,4,free.fish,88,2.39924,0,162.047619,192,15
ensi,5,3,5,free.fish,75,1.475356,0,162.047619,193,15
ensi,5,3,6,free.fish,180,2.654031,0,162.047619,194,15
ensi,5,3,7,free.fish,210,2.04595,0,162.047619,195,15
ensi,5,3,8,free.fish,165,2.6692,0,162.047619,196,15
ensi,5,3,9,free.fish,188,2.085362,0,162.047619,197,15
ensi,5,3,10,free.fish,122,2.80344,0,162.047619,198,15
ensi,5,3,11,free.fish,278,2.036316,0,162.047619,199,15
ensi,5,3,12,free.fish,202,2.520061,0,162.047619,200,15
ensi,5,3,13,free.fish,263,2.756799,0,162.047619,201,15
ensi,5,3,14,free.fish,108,2.018013,0,162.047619,202,15
ensi,5,3,15,free.fish,197,1.804966,0,162.047619,203,15
ensi,5,3,16,free.fish,227,2.542867,0,162.047619,204,15
ensi,5,3,17,free.fish,303,2.524623,0,162.047619,205,15
ensi,5,3,18,free.fish,110,2.045012,0,162.047619,206,15
ensi,5,3,19,free.fish,102,2.045012,0,162.047619,207,15
ensi,5,3,20,free.fish,143,1.885562,0,162.047619,208,15
ensi,5,3,21,free.fish,131,2.21448,0,162.047619,209,15
ensi,5,3,22,free.fish,136,2.514191,0,162.047619,210,15
ensi,6,1,1,cage,255,2.051302,0,236.5555556,1,16
ensi,6,1,2,cage,297,2.201466,0,236.5555556,2,16
ensi,6,1,3,cage,225,2.360624,0,236.5555556,3,16
ensi,6,1,4,cage,19,2.67833,0,236.5555556,4,16
ensi,6,1,5,cage,241,2.800764,0,236.5555556,5,16
ensi,6,1,7,cage,317,2.342303,0,236.5555556,6,16
ensi,6,1,8,cage,319,1.469518,0,236.5555556,7,16
ensi,6,1,9,cage,169,2.077193,0,236.5555556,8,16
ensi,6,1,10,cage,287,2.535687,0,236.5555556,9,16
ensi,6,2,2,cage,253,2.687073,0,292.25,10,17
ensi,6,2,3,cage,322,2.396107,0,292.25,11,17
ensi,6,2,5,cage,130,2.31479,0,292.25,12,17
ensi,6,2,6,cage,464,2.062197,0,292.25,13,17
ensi,6,3,1,cage,49,2.673213,0,199.6666667,14,18
ensi,6,3,2,cage,455,2.692783,0,199.6666667,15,18
ensi,6,3,3,cage,12,1.989712,0,199.6666667,16,18
ensi,6,3,4,cage,203,2.563933,0,199.6666667,17,18
ensi,6,3,5,cage,255,2.694767,0,199.6666667,18,18
ensi,6,3,6,cage,75,1.910056,0,199.6666667,19,18
ensi,6,3,7,cage,284,1.78588,0,199.6666667,20,18
ensi,6,3,8,cage,316,1.830856,0,199.6666667,21,18
ensi,6,3,9,cage,148,1.762098,0,199.6666667,22,18
ensi,7,1,1,cage,254,2.114377,0,246.1111111,23,19
ensi,7,1,2,cage,175,2.371942,0,246.1111111,24,19
ensi,7,1,3,cage,452,1.213031,0,246.1111111,25,19
ensi,7,1,4,cage,52,2.565647,0,246.1111111,26,19
ensi,7,1,5,cage,370,2.074769,0,246.1111111,27,19
ensi,7,1,7,cage,75,2.599099,0,246.1111111,28,19
ensi,7,1,8,cage,311,1.755507,0,246.1111111,29,19
ensi,7,1,9,cage,112,2.096109,0,246.1111111,30,19
ensi,7,1,10,cage,174,2.15695,0,246.1111111,31,19
ensi,7,1,11,cage,185,2.689754,0,246.1111111,32,19
ensi,7,1,12,cage,275,2.16062,0,246.1111111,33,19
ensi,7,1,13,cage,110,2.469409,0,246.1111111,34,19
ensi,7,1,14,cage,353,2.201981,0,246.1111111,35,19
ensi,7,1,15,cage,286,2.267078,0,246.1111111,36,19
ensi,7,1,16,cage,371,2.510645,0,246.1111111,37,19
ensi,7,1,17,cage,247,1.896514,0,246.1111111,38,19
ensi,7,1,18,cage,299,2.198768,0,246.1111111,39,19
ensi,7,1,19,cage,329,1.662766,0,246.1111111,40,19
ensi,7,3,1,cage,289,2.118287,0,272.2777778,41,20
ensi,7,3,2,cage,394,2.240806,0,272.2777778,42,20
ensi,7,3,3,cage,260,2.007328,0,272.2777778,43,20
ensi,7,3,4,cage,55,2.448925,0,272.2777778,44,20
ensi,7,3,5,cage,502,2.849742,0,272.2777778,45,20
ensi,7,3,6,cage,407,2.696982,0,272.2777778,46,20
ensi,7,3,7,cage,46,2.08881,0,272.2777778,47,20
ensi,7,3,8,cage,310,2.605913,0,272.2777778,48,20
ensi,7,3,9,cage,6,1.965384,0,272.2777778,49,20
ensi,7,3,10,cage,288,2.040385,0,272.2777778,50,20
ensi,7,3,11,cage,250,1.641456,0,272.2777778,51,20
ensi,7,3,13,cage,448,2.034816,0,272.2777778,52,20
ensi,7,3,14,cage,137,2.560503,0,272.2777778,53,20
ensi,7,3,15,cage,379,2.364936,0,272.2777778,54,20
ensi,7,3,16,cage,297,2.23068,0,272.2777778,55,20
ensi,7,3,17,cage,203,1.799066,0,272.2777778,56,20
ensi,7,3,18,cage,384,1.893036,0,272.2777778,57,20
ensi,7,3,19,cage,246,1.594599,0,272.2777778,58,20
ensi,7,2,1,cage,194,2.369588,0,205.1764706,59,21
ensi,7,2,2,cage,113,2.142437,0,205.1764706,60,21
ensi,7,2,3,cage,53,2.538445,0,205.1764706,61,21
ensi,7,2,4,cage,355,2.225516,0,205.1764706,62,21
ensi,7,2,5,cage,62,2.068351,0,205.1764706,63,21
ensi,7,2,6,cage,358,1.783176,0,205.1764706,64,21
ensi,7,2,7,cage,83,2.482708,0,205.1764706,65,21
ensi,7,2,8,cage,93,2.280547,0,205.1764706,66,21
ensi,7,2,9,cage,240,2.471742,0,205.1764706,67,21
ensi,7,2,10,cage,245,2.216425,0,205.1764706,68,21
ensi,7,2,11,cage,32,2.233238,0,205.1764706,69,21
ensi,7,2,12,cage,222,2.137385,0,205.1764706,70,21
ensi,7,2,13,cage,231,2.119143,0,205.1764706,71,21
ensi,7,2,14,cage,324,1.708066,0,205.1764706,72,21
ensi,7,2,15,cage,422,1.909676,0,205.1764706,73,21
ensi,7,2,16,cage,353,2.206926,0,205.1764706,74,21
ensi,7,2,17,cage,108,2.107133,0,205.1764706,75,21
ensi,8,3,1,cage,321,2.828266,0,243.5625,76,22
ensi,8,3,2,cage,162,2.894274,0,243.5625,77,22
ensi,8,3,3,cage,392,2.50585,0,243.5625,78,22
ensi,8,3,4,cage,342,2.149813,0,243.5625,79,22
ensi,8,3,5,cage,27,2.535745,0,243.5625,80,22
ensi,8,3,6,cage,62,2.636788,0,243.5625,81,22
ensi,8,3,7,cage,140,2.613041,0,243.5625,82,22
ensi,8,3,8,cage,310,1.920235,0,243.5625,83,22
ensi,8,3,9,cage,348,2.362396,0,243.5625,84,22
ensi,8,3,10,cage,360,2.095376,0,243.5625,85,22
ensi,8,3,11,cage,336,1.66185,0,243.5625,86,22
ensi,8,3,12,cage,21,2.034701,0,243.5625,87,22
ensi,8,3,13,cage,312,2.688315,0,243.5625,88,22
ensi,8,3,14,cage,280,2.052631,0,243.5625,89,22
ensi,8,3,15,cage,211,2.44903,0,243.5625,90,22
ensi,8,3,16,cage,273,2.642755,0,243.5625,91,22
ensi,8,2,1,cage,41,2.296778,0,294.625,92,23
ensi,8,2,3,cage,31,2.66331,0,294.625,93,23
ensi,8,2,4,cage,390,2.212299,0,294.625,94,23
ensi,8,2,5,cage,298,2.378257,0,294.625,95,23
ensi,8,2,6,cage,76,2.605983,0,294.625,96,23
ensi,8,2,7,cage,444,1.934868,0,294.625,97,23
ensi,8,2,8,cage,267,2.378257,0,294.625,98,23
ensi,8,2,9,cage,368,2.222998,0,294.625,99,23
ensi,8,2,10,cage,366,2.027924,0,294.625,100,23
ensi,8,2,11,cage,109,2.226249,0,294.625,101,23
ensi,8,2,12,cage,435,2.206673,0,294.625,102,23
ensi,8,2,13,cage,319,2.674387,0,294.625,103,23
ensi,8,2,14,cage,377,2.65676,0,294.625,104,23
ensi,8,2,15,cage,417,2.385488,0,294.625,105,23
ensi,8,2,16,cage,348,1.66185,0,294.625,106,23
ensi,8,2,17,cage,428,2.206143,0,294.625,107,23
ensi,8,1,1,cage,260,1.848727,0,303.1428571,108,24
ensi,8,1,2,cage,343,1.950686,0,303.1428571,109,24
ensi,8,1,3,cage,372,2.198847,0,303.1428571,110,24
ensi,8,1,4,cage,264,2.661892,0,303.1428571,111,24
ensi,8,1,5,cage,52,2.629757,0,303.1428571,112,24
ensi,8,1,6,cage,285,2.236068,0,303.1428571,113,24
ensi,8,1,7,cage,313,1.993433,0,303.1428571,114,24
ensi,8,1,8,cage,456,2.409124,0,303.1428571,115,24
ensi,8,1,9,cage,289,2.488408,0,303.1428571,116,24
ensi,8,1,10,cage,268,2.43061,0,303.1428571,117,24
ensi,8,1,11,cage,417,1.919998,0,303.1428571,118,24
ensi,8,1,12,cage,210,1.944934,0,303.1428571,119,24
ensi,8,1,13,cage,460,2.305425,0,303.1428571,120,24
ensi,8,1,14,cage,255,1.680353,0,303.1428571,121,24
ensi,1,1,1,free.fish,462,2.666454,1,314.7142857,1,1
ensi,1,1,2,free.fish,291,2.794158,1,314.7142857,2,1
ensi,1,1,3,free.fish,386,2.567696,1,314.7142857,3,1
ensi,1,1,4,free.fish,387,2.113504,1,314.7142857,4,1
ensi,1,1,5,free.fish,237,2.533282,1,314.7142857,5,1
ensi,1,1,6,free.fish,281,2.397829,1,314.7142857,6,1
ensi,1,1,7,free.fish,278,2.899188,1,314.7142857,7,1
ensi,1,1,8,free.fish,266,2.124909,1,314.7142857,8,1
ensi,1,1,9,free.fish,390,2.678764,1,314.7142857,9,1
ensi,1,1,10,free.fish,317,2.555624,1,314.7142857,10,1
ensi,1,1,11,free.fish,328,2.524183,1,314.7142857,11,1
ensi,1,1,12,free.fish,248,2.297021,1,314.7142857,12,1
ensi,1,1,13,free.fish,181,2.935247,1,314.7142857,13,1
ensi,1,1,14,free.fish,354,3.123583,1,314.7142857,14,1
ensi,1,2,1,free.fish,449,2.90403,1,345.4,15,2
ensi,1,2,2,free.fish,290,2.148138,1,345.4,16,2
ensi,1,2,3,free.fish,233,2.650607,1,345.4,17,2
ensi,1,2,4,free.fish,294,2.021459,1,345.4,18,2
ensi,1,2,5,free.fish,352,2.800532,1,345.4,19,2
ensi,1,2,6,free.fish,329,2.755018,1,345.4,20,2
ensi,1,2,7,free.fish,220,2.850564,1,345.4,21,2
ensi,1,2,8,free.fish,328,2.112038,1,345.4,22,2
ensi,1,2,9,free.fish,224,2.391515,1,345.4,23,2
ensi,1,2,10,free.fish,439,2.080985,1,345.4,24,2
ensi,1,3,1,free.fish,573,2.291506,1,280,30,3
ensi,1,3,2,free.fish,247,2.783967,1,280,31,3
ensi,1,3,3,free.fish,240,2.090175,1,280,32,3
ensi,1,3,4,free.fish,312,2.112664,1,280,33,3
ensi,1,3,5,free.fish,196,2.343164,1,280,34,3
ensi,1,3,6,free.fish,280,2.687412,1,280,35,3
ensi,1,3,7,free.fish,262,1.701633,1,280,36,3
ensi,1,3,8,free.fish,285,2.038138,1,280,37,3
ensi,1,3,9,free.fish,232,2.377312,1,280,38,3
ensi,1,3,10,free.fish,173,2.087885,1,280,39,3
ensi,2,1,1,free.fish,335,2.675581,1,328.8181818,40,4
ensi,2,1,2,free.fish,192,2.613156,1,328.8181818,41,4
ensi,2,1,3,free.fish,217,2.061048,1,328.8181818,42,4
ensi,2,1,4,free.fish,399,2.162664,1,328.8181818,43,4
ensi,2,1,5,free.fish,265,2.468707,1,328.8181818,44,4
ensi,2,1,6,free.fish,374,2.686244,1,328.8181818,45,4
ensi,2,1,7,free.fish,326,1.917345,1,328.8181818,46,4
ensi,2,1,8,free.fish,413,2.076064,1,328.8181818,47,4
ensi,2,1,9,free.fish,350,2.677959,1,328.8181818,48,4
ensi,2,1,10,free.fish,359,2.600889,1,328.8181818,49,4
ensi,2,1,11,free.fish,387,1.823101,1,328.8181818,50,4
ensi,2,3,1,free.fish,336,2.509911,1,357.3125,51,5
ensi,2,3,2,free.fish,462,2.672505,1,357.3125,52,5
ensi,2,3,3,free.fish,362,2.064776,1,357.3125,53,5
ensi,2,3,4,free.fish,411,2.358464,1,357.3125,54,5
ensi,2,3,5,free.fish,140,2.213803,1,357.3125,55,5
ensi,2,3,6,free.fish,331,2.137337,1,357.3125,56,5
ensi,2,3,7,free.fish,348,2.569331,1,357.3125,57,5
ensi,2,3,8,free.fish,246,1.797797,1,357.3125,58,5
ensi,2,3,9,free.fish,260,2.527941,1,357.3125,59,5
ensi,2,3,10,free.fish,486,3.03231,1,357.3125,60,5
ensi,2,3,11,free.fish,394,2.036147,1,357.3125,61,5
ensi,2,3,12,free.fish,346,2.47516,1,357.3125,62,5
ensi,2,3,13,free.fish,381,2.517643,1,357.3125,63,5
ensi,2,3,14,free.fish,372,2.079811,1,357.3125,64,5
ensi,2,3,15,free.fish,384,2.044505,1,357.3125,65,5
ensi,2,3,16,free.fish,458,2.082898,1,357.3125,66,5
ensi,2,2,1,free.fish,306,2.646165,1,311.0666667,67,6
ensi,2,2,2,free.fish,375,1.914464,1,311.0666667,68,6
ensi,2,2,3,free.fish,252,2.100861,1,311.0666667,69,6
ensi,2,2,4,free.fish,417,2.67988,1,311.0666667,70,6
ensi,2,2,5,free.fish,317,1.930209,1,311.0666667,71,6
ensi,2,2,6,free.fish,321,2.585572,1,311.0666667,72,6
ensi,2,2,7,free.fish,76,2.056772,1,311.0666667,73,6
ensi,2,2,8,free.fish,448,1.777384,1,311.0666667,74,6
ensi,2,2,9,free.fish,260,1.973088,1,311.0666667,75,6
ensi,2,2,10,free.fish,364,2.142446,1,311.0666667,76,6
ensi,2,2,11,free.fish,292,2.917792,1,311.0666667,77,6
ensi,2,2,12,free.fish,327,1.95074,1,311.0666667,78,6
ensi,2,2,13,free.fish,230,2.758763,1,311.0666667,79,6
ensi,2,2,14,free.fish,357,2.120056,1,311.0666667,80,6
ensi,2,2,15,free.fish,324,2.018369,1,311.0666667,81,6
ensi,3,1,1,free.fish,368,1.754068,1,313.6,82,7
ensi,3,1,2,free.fish,313,2.521965,1,313.6,83,7
ensi,3,1,3,free.fish,361,2.48976,1,313.6,84,7
ensi,3,1,4,free.fish,371,2.96557,1,313.6,85,7
ensi,3,1,5,free.fish,409,2.635723,1,313.6,86,7
ensi,3,1,6,free.fish,444,2.501306,1,313.6,87,7
ensi,3,1,7,free.fish,100,1.970217,1,313.6,88,7
ensi,3,1,9,free.fish,270,2.56104,1,313.6,89,7
ensi,3,1,10,free.fish,329,2.100775,1,313.6,90,7
ensi,3,1,11,free.fish,171,1.537893,1,313.6,91,7
ensi,3,3,1,free.fish,444,2.697732,1,346.4615385,92,8
ensi,3,3,2,free.fish,376,2.148429,1,346.4615385,93,8
ensi,3,3,3,free.fish,354,2.635959,1,346.4615385,94,8
ensi,3,3,4,free.fish,381,2.582091,1,346.4615385,95,8
ensi,3,3,5,free.fish,354,2.512396,1,346.4615385,96,8
ensi,3,3,6,free.fish,484,1.695065,1,346.4615385,97,8
ensi,3,3,7,free.fish,378,1.917412,1,346.4615385,98,8
ensi,3,3,8,free.fish,154,2.17218,1,346.4615385,99,8
ensi,3,3,9,free.fish,281,2.423842,1,346.4615385,100,8
ensi,3,3,10,free.fish,353,1.388944,1,346.4615385,101,8
ensi,3,3,11,free.fish,394,2.613226,1,346.4615385,102,8
ensi,3,3,12,free.fish,306,2.138333,1,346.4615385,103,8
ensi,3,3,13,free.fish,245,1.761964,1,346.4615385,104,8
ensi,3,2,1,free.fish,359,2.061611,1,306.2142857,105,9
ensi,3,2,2,free.fish,217,2.085386,1,306.2142857,106,9
ensi,3,2,3,free.fish,241,2.024411,1,306.2142857,107,9
ensi,3,2,4,free.fish,315,2.19753,1,306.2142857,108,9
ensi,3,2,5,free.fish,410,2.45771,1,306.2142857,109,9
ensi,3,2,8,free.fish,283,2.202733,1,306.2142857,110,9
ensi,3,2,9,free.fish,392,2.643356,1,306.2142857,111,9
ensi,3,2,10,free.fish,178,2.120933,1,306.2142857,112,9
ensi,3,2,11,free.fish,91,1.653449,1,306.2142857,113,9
ensi,3,2,12,free.fish,367,2.393612,1,306.2142857,114,9
ensi,3,2,13,free.fish,419,2.010436,1,306.2142857,115,9
ensi,3,2,14,free.fish,207,2.470742,1,306.2142857,116,9
ensi,3,2,15,free.fish,471,2.229895,1,306.2142857,117,9
ensi,3,2,16,free.fish,337,1.697855,1,306.2142857,118,9
ensi,4,1,1,free.fish,423,2.440799,1,358.4,119,10
ensi,4,1,2,free.fish,345,2.848564,1,358.4,120,10
ensi,4,1,3,free.fish,371,2.462227,1,358.4,121,10
ensi,4,1,4,free.fish,238,2.428107,1,358.4,122,10
ensi,4,1,5,free.fish,290,2.090514,1,358.4,123,10
ensi,4,1,6,free.fish,416,2.032027,1,358.4,124,10
ensi,4,1,7,free.fish,402,2.73508,1,358.4,125,10
ensi,4,1,8,free.fish,455,2.604116,1,358.4,126,10
ensi,4,1,9,free.fish,310,2.507987,1,358.4,127,10
ensi,4,1,10,free.fish,377,2.575749,1,358.4,128,10
ensi,4,1,11,free.fish,377,1.679183,1,358.4,129,10
ensi,4,1,12,free.fish,430,2.72615,1,358.4,130,10
ensi,4,1,13,free.fish,211,1.843895,1,358.4,131,10
ensi,4,1,14,free.fish,380,1.671823,1,358.4,132,10
ensi,4,1,15,free.fish,351,1.322579,1,358.4,133,10
ensi,4,2,1,free.fish,447,2.609796,1,363.3571429,134,11
ensi,4,2,2,free.fish,409,2.086719,1,363.3571429,135,11
ensi,4,2,3,free.fish,434,2.287974,1,363.3571429,136,11
ensi,4,2,4,free.fish,312,2.397984,1,363.3571429,137,11
ensi,4,2,5,free.fish,218,2.351467,1,363.3571429,138,11
ensi,4,2,6,free.fish,435,2.260992,1,363.3571429,139,11
ensi,4,2,7,free.fish,323,2.621012,1,363.3571429,140,11
ensi,4,2,8,free.fish,360,2.19001,1,363.3571429,141,11
ensi,4,2,9,free.fish,397,2.548665,1,363.3571429,142,11
ensi,4,2,10,free.fish,404,2.465295,1,363.3571429,143,11
ensi,4,2,11,free.fish,347,1.971628,1,363.3571429,144,11
ensi,4,2,12,free.fish,297,2.525381,1,363.3571429,145,11
ensi,4,2,13,free.fish,480,1.904602,1,363.3571429,146,11
ensi,4,2,14,free.fish,224,1.992649,1,363.3571429,147,11
ensi,4,3,1,free.fish,312,2.72389,1,284.2857143,148,12
ensi,4,3,2,free.fish,198,2.260497,1,284.2857143,149,12
ensi,4,3,3,free.fish,385,1.832801,1,284.2857143,150,12
ensi,4,3,4,free.fish,338,2.536512,1,284.2857143,151,12
ensi,4,3,5,free.fish,285,2.546826,1,284.2857143,152,12
ensi,4,3,6,free.fish,342,2.22392,1,284.2857143,153,12
ensi,4,3,7,free.fish,237,2.308109,1,284.2857143,154,12
ensi,4,3,8,free.fish,106,2.397305,1,284.2857143,155,12
ensi,4,3,9,free.fish,322,2.243696,1,284.2857143,156,12
ensi,4,3,10,free.fish,291,1.717435,1,284.2857143,157,12
ensi,4,3,11,free.fish,290,1.558344,1,284.2857143,158,12
ensi,4,3,12,free.fish,246,2.012704,1,284.2857143,159,12
ensi,4,3,13,free.fish,219,1.528988,1,284.2857143,160,12
ensi,4,3,14,free.fish,409,2.269143,1,284.2857143,161,12
ensi,5,1,1,free.fish,462,2.468457,1,334.0833333,162,13
ensi,5,1,2,free.fish,277,1.791713,1,334.0833333,163,13
ensi,5,1,3,free.fish,297,2.465574,1,334.0833333,164,13
ensi,5,1,4,free.fish,397,2.417996,1,334.0833333,165,13
ensi,5,1,5,free.fish,347,2.534611,1,334.0833333,166,13
ensi,5,1,6,free.fish,334,2.267025,1,334.0833333,167,13
ensi,5,1,7,free.fish,293,2.607219,1,334.0833333,168,13
ensi,5,1,8,free.fish,136,1.838315,1,334.0833333,169,13
ensi,5,1,9,free.fish,422,2.125179,1,334.0833333,170,13
ensi,5,1,10,free.fish,503,2.188006,1,334.0833333,171,13
ensi,5,1,12,free.fish,22,1.819481,1,334.0833333,172,13
ensi,5,1,13,free.fish,519,1.504743,1,334.0833333,173,13
ensi,5,2,1,free.fish,359,2.671842,1,353.6,174,14
ensi,5,2,2,free.fish,434,2.507802,1,353.6,175,14
ensi,5,2,3,free.fish,257,1.643391,1,353.6,176,14
ensi,5,2,4,free.fish,403,2.205185,1,353.6,177,14
ensi,5,2,5,free.fish,389,2.788546,1,353.6,178,14
ensi,5,2,6,free.fish,334,2.156484,1,353.6,179,14
ensi,5,2,7,free.fish,426,2.513845,1,353.6,180,14
ensi,5,2,8,free.fish,424,2.518766,1,353.6,181,14
ensi,5,2,9,free.fish,325,2.486144,1,353.6,182,14
ensi,5,2,10,free.fish,226,1.970063,1,353.6,183,14
ensi,5,2,11,free.fish,268,2.474861,1,353.6,184,14
ensi,5,2,12,free.fish,414,1.6715,1,353.6,185,14
ensi,5,2,13,free.fish,374,2.651103,1,353.6,186,14
ensi,5,2,14,free.fish,348,2.059185,1,353.6,187,14
ensi,5,2,15,free.fish,323,1.676705,1,353.6,188,14
ensi,5,3,1,free.fish,347,2.530422,1,334.15,189,15
ensi,5,3,2,free.fish,337,2.044711,1,334.15,190,15
ensi,5,3,4,free.fish,199,2.39924,1,334.15,191,15
ensi,5,3,6,free.fish,328,2.654031,1,334.15,192,15
ensi,5,3,7,free.fish,422,2.04595,1,334.15,193,15
ensi,5,3,8,free.fish,280,2.6692,1,334.15,194,15
ensi,5,3,9,free.fish,140,2.085362,1,334.15,195,15
ensi,5,3,10,free.fish,326,2.80344,1,334.15,196,15
ensi,5,3,11,free.fish,422,2.036316,1,334.15,197,15
ensi,5,3,12,free.fish,360,2.520061,1,334.15,198,15
ensi,5,3,13,free.fish,440,2.756799,1,334.15,199,15
ensi,5,3,14,free.fish,519,2.018013,1,334.15,200,15
ensi,5,3,15,free.fish,125,1.804966,1,334.15,201,15
ensi,5,3,16,free.fish,412,2.542867,1,334.15,202,15
ensi,5,3,17,free.fish,340,2.524623,1,334.15,203,15
ensi,5,3,18,free.fish,419,2.045012,1,334.15,204,15
ensi,5,3,19,free.fish,395,2.045012,1,334.15,205,15
ensi,5,3,20,free.fish,99,1.885562,1,334.15,206,15
ensi,5,3,21,free.fish,338,2.21448,1,334.15,207,15
ensi,5,3,22,free.fish,435,2.514191,1,334.15,208,15
ensi,6,1,1,cage,162,2.051302,1,352.6666667,1,16
ensi,6,1,2,cage,487,2.201466,1,352.6666667,2,16
ensi,6,1,3,cage,412,2.360624,1,352.6666667,3,16
ensi,6,1,4,cage,349,2.67833,1,352.6666667,4,16
ensi,6,1,5,cage,405,2.800764,1,352.6666667,5,16
ensi,6,1,7,cage,413,2.342303,1,352.6666667,6,16
ensi,6,1,8,cage,311,1.469518,1,352.6666667,7,16
ensi,6,1,9,cage,355,2.077193,1,352.6666667,8,16
ensi,6,1,10,cage,280,2.535687,1,352.6666667,9,16
ensi,6,2,2,cage,465,2.687073,1,377,10,17
ensi,6,2,3,cage,462,2.396107,1,377,11,17
ensi,6,2,5,cage,264,2.31479,1,377,12,17
ensi,6,2,6,cage,317,2.062197,1,377,13,17
ensi,6,3,1,cage,262,2.673213,1,328.8888889,14,18
ensi,6,3,2,cage,349,2.692783,1,328.8888889,15,18
ensi,6,3,3,cage,294,1.989712,1,328.8888889,16,18
ensi,6,3,4,cage,416,2.563933,1,328.8888889,17,18
ensi,6,3,5,cage,350,2.694767,1,328.8888889,18,18
ensi,6,3,6,cage,215,1.910056,1,328.8888889,19,18
ensi,6,3,7,cage,454,1.78588,1,328.8888889,20,18
ensi,6,3,8,cage,399,1.830856,1,328.8888889,21,18
ensi,6,3,9,cage,221,1.762098,1,328.8888889,22,18
ensi,7,1,1,cage,457,2.114377,1,351.8333333,23,18
ensi,7,1,2,cage,447,2.371942,1,351.8333333,24,18
ensi,7,1,3,cage,359,1.213031,1,351.8333333,25,18
ensi,7,1,4,cage,453,2.565647,1,351.8333333,26,18
ensi,7,1,5,cage,388,2.074769,1,351.8333333,27,18
ensi,7,1,7,cage,370,2.599099,1,351.8333333,28,18
ensi,7,1,8,cage,447,1.755507,1,351.8333333,29,18
ensi,7,1,9,cage,191,2.096109,1,351.8333333,30,18
ensi,7,1,10,cage,249,2.15695,1,351.8333333,31,18
ensi,7,1,11,cage,371,2.689754,1,351.8333333,32,18
ensi,7,1,12,cage,265,2.16062,1,351.8333333,33,18
ensi,7,1,13,cage,240,2.469409,1,351.8333333,34,18
ensi,7,1,14,cage,288,2.201981,1,351.8333333,35,18
ensi,7,1,15,cage,501,2.267078,1,351.8333333,36,18
ensi,7,1,16,cage,440,2.510645,1,351.8333333,37,18
ensi,7,1,17,cage,320,1.896514,1,351.8333333,38,18
ensi,7,1,18,cage,239,2.198768,1,351.8333333,39,18
ensi,7,1,19,cage,308,1.662766,1,351.8333333,40,18
ensi,7,3,1,cage,369,2.118287,1,353.5294118,41,19
ensi,7,3,2,cage,439,2.240806,1,353.5294118,42,19
ensi,7,3,3,cage,335,2.007328,1,353.5294118,43,19
ensi,7,3,5,cage,356,2.849742,1,353.5294118,44,19
ensi,7,3,6,cage,274,2.696982,1,353.5294118,45,19
ensi,7,3,7,cage,261,2.08881,1,353.5294118,46,19
ensi,7,3,8,cage,452,2.605913,1,353.5294118,47,19
ensi,7,3,9,cage,313,1.965384,1,353.5294118,48,19
ensi,7,3,10,cage,206,2.040385,1,353.5294118,49,19
ensi,7,3,11,cage,284,1.641456,1,353.5294118,50,19
ensi,7,3,13,cage,360,2.034816,1,353.5294118,51,19
ensi,7,3,14,cage,472,2.560503,1,353.5294118,52,19
ensi,7,3,15,cage,401,2.364936,1,353.5294118,53,19
ensi,7,3,16,cage,523,2.23068,1,353.5294118,54,19
ensi,7,3,17,cage,245,1.799066,1,353.5294118,55,19
ensi,7,3,18,cage,272,1.893036,1,353.5294118,56,19
ensi,7,3,19,cage,448,1.594599,1,353.5294118,57,19
ensi,7,2,1,cage,391,2.369588,1,283.4117647,58,20
ensi,7,2,2,cage,259,2.142437,1,283.4117647,59,20
ensi,7,2,3,cage,327,2.538445,1,283.4117647,60,20
ensi,7,2,4,cage,229,2.225516,1,283.4117647,61,20
ensi,7,2,5,cage,211,2.068351,1,283.4117647,62,20
ensi,7,2,6,cage,213,1.783176,1,283.4117647,63,20
ensi,7,2,7,cage,331,2.482708,1,283.4117647,64,20
ensi,7,2,8,cage,141,2.280547,1,283.4117647,65,20
ensi,7,2,9,cage,410,2.471742,1,283.4117647,66,20
ensi,7,2,10,cage,359,2.216425,1,283.4117647,67,20
ensi,7,2,11,cage,284,2.233238,1,283.4117647,68,20
ensi,7,2,12,cage,281,2.137385,1,283.4117647,69,20
ensi,7,2,13,cage,423,2.119143,1,283.4117647,70,20
ensi,7,2,14,cage,214,1.708066,1,283.4117647,71,20
ensi,7,2,15,cage,233,1.909676,1,283.4117647,72,20
ensi,7,2,16,cage,127,2.206926,1,283.4117647,73,20
ensi,7,2,17,cage,385,2.107133,1,283.4117647,74,20
ensi,8,3,1,cage,246,2.828266,1,292.5,75,21
ensi,8,3,2,cage,341,2.894274,1,292.5,76,21
ensi,8,3,3,cage,269,2.50585,1,292.5,77,21
ensi,8,3,4,cage,292,2.149813,1,292.5,78,21
ensi,8,3,5,cage,105,2.535745,1,292.5,79,21
ensi,8,3,6,cage,371,2.636788,1,292.5,80,21
ensi,8,3,7,cage,512,2.613041,1,292.5,81,21
ensi,8,3,8,cage,202,1.920235,1,292.5,82,21
ensi,8,3,9,cage,324,2.362396,1,292.5,83,21
ensi,8,3,10,cage,332,2.095376,1,292.5,84,21
ensi,8,3,11,cage,233,1.66185,1,292.5,85,21
ensi,8,3,12,cage,235,2.034701,1,292.5,86,21
ensi,8,3,13,cage,194,2.688315,1,292.5,87,21
ensi,8,3,14,cage,243,2.052631,1,292.5,88,21
ensi,8,3,15,cage,306,2.44903,1,292.5,89,21
ensi,8,3,16,cage,475,2.642755,1,292.5,90,21
ensi,8,2,1,cage,430,2.296778,1,362.6875,91,22
ensi,8,2,3,cage,142,2.66331,1,362.6875,92,22
ensi,8,2,4,cage,280,2.212299,1,362.6875,93,22
ensi,8,2,5,cage,411,2.378257,1,362.6875,94,22
ensi,8,2,6,cage,398,2.605983,1,362.6875,95,22
ensi,8,2,7,cage,244,1.934868,1,362.6875,96,22
ensi,8,2,8,cage,466,2.378257,1,362.6875,97,22
ensi,8,2,9,cage,429,2.222998,1,362.6875,98,22
ensi,8,2,10,cage,357,2.027924,1,362.6875,99,22
ensi,8,2,11,cage,301,2.226249,1,362.6875,100,22
ensi,8,2,12,cage,376,2.206673,1,362.6875,101,22
ensi,8,2,13,cage,373,2.674387,1,362.6875,102,22
ensi,8,2,14,cage,445,2.65676,1,362.6875,103,22
ensi,8,2,15,cage,355,2.385488,1,362.6875,104,22
ensi,8,2,16,cage,437,1.66185,1,362.6875,105,22
ensi,8,2,17,cage,359,2.206143,1,362.6875,106,22
ensi,8,1,1,cage,397,1.848727,1,340.0714286,107,23
ensi,8,1,2,cage,357,1.950686,1,340.0714286,108,23
ensi,8,1,3,cage,285,2.198847,1,340.0714286,109,23
ensi,8,1,4,cage,346,2.661892,1,340.0714286,110,23
ensi,8,1,5,cage,249,2.629757,1,340.0714286,111,23
ensi,8,1,6,cage,423,2.236068,1,340.0714286,112,23
ensi,8,1,7,cage,385,1.993433,1,340.0714286,113,23
ensi,8,1,8,cage,513,2.409124,1,340.0714286,114,23
ensi,8,1,9,cage,340,2.488408,1,340.0714286,115,23
ensi,8,1,10,cage,312,2.43061,1,340.0714286,116,23
ensi,8,1,11,cage,359,1.919998,1,340.0714286,117,23
ensi,8,1,12,cage,166,1.944934,1,340.0714286,118,23
ensi,8,1,13,cage,207,2.305425,1,340.0714286,119,23
ensi,8,1,14,cage,422,1.680353,1,340.0714286,120,23
