,lake,species,ind.id,act.mm,head.width.mm,mean.act.mm,diff,mean.diff,N,sd,se,recov,recov.mean,fish,fish.density
1,lincoln,ensi,1,190,0,228.95,-12,5.2,20,98.12054884,21.94042172,153,72.65,-1,0.987654321
2,lincoln,ensi,2,271,0,228.95,-161,5.2,20,98.12054884,21.94042172,-43,72.65,-1,0.987654321
3,lincoln,ensi,3,47,0,228.95,-113,5.2,20,98.12054884,21.94042172,57,72.65,-1,0.987654321
4,lincoln,ensi,4,293,0,228.95,57,5.2,20,98.12054884,21.94042172,157,72.65,-1,0.987654321
5,lincoln,ensi,5,280,0,228.95,-5,5.2,20,98.12054884,21.94042172,-74,72.65,-1,0.987654321
6,lincoln,ensi,6,249,0,228.95,-193,5.2,20,98.12054884,21.94042172,-233,72.65,-1,0.987654321
7,lincoln,ensi,7,249,0,228.95,154,5.2,20,98.12054884,21.94042172,99,72.65,-1,0.987654321
8,lincoln,ensi,8,417,0,228.95,94,5.2,20,98.12054884,21.94042172,88,72.65,-1,0.987654321
9,lincoln,ensi,9,316,0,228.95,56,5.2,20,98.12054884,21.94042172,45,72.65,-1,0.987654321
10,lincoln,ensi,10,181,0,228.95,108,5.2,20,98.12054884,21.94042172,346,72.65,-1,0.987654321
11,lincoln,ensi,11,145,0,228.95,95,5.2,20,98.12054884,21.94042172,335,72.65,-1,0.987654321
12,lincoln,ensi,12,405,0,228.95,62,5.2,20,98.12054884,21.94042172,-258,72.65,-1,0.987654321
13,lincoln,ensi,13,45,0,228.95,-174,5.2,20,98.12054884,21.94042172,108,72.65,-1,0.987654321
14,lincoln,ensi,14,60,0,228.95,15,5.2,20,98.12054884,21.94042172,136,72.65,-1,0.987654321
15,lincoln,ensi,15,215,0,228.95,-38,5.2,20,98.12054884,21.94042172,124,72.65,-1,0.987654321
16,lincoln,ensi,16,286,0,228.95,62,5.2,20,98.12054884,21.94042172,97,72.65,-1,0.987654321
17,lincoln,ensi,17,287,0,228.95,57,5.2,20,98.12054884,21.94042172,28,72.65,-1,0.987654321
18,lincoln,ensi,18,256,0,228.95,65,5.2,20,98.12054884,21.94042172,55,72.65,-1,0.987654321
19,lincoln,ensi,19,92,0,228.95,-25,5.2,20,98.12054884,21.94042172,267,72.65,-1,0.987654321
20,lincoln,ensi,20,295,0,228.95,0,5.2,20,98.12054884,21.94042172,-34,72.65,-1,0.987654321
21,greenwood,ensi,1,404,1.517458,250,137,102.6842105,19,110.4928618,25.34880098,11,115.2105263,-1,2.814814815
22,greenwood,ensi,2,281,1.896822,250,178,102.6842105,19,110.4928618,25.34880098,408,115.2105263,-1,2.814814815
23,greenwood,ensi,3,258,2.188155,250,252,102.6842105,19,110.4928618,25.34880098,277,115.2105263,-1,2.814814815
24,greenwood,ensi,4,41,2.828159,250,11,102.6842105,19,110.4928618,25.34880098,34,115.2105263,-1,2.814814815
25,greenwood,ensi,5,260,2.455173,250,-25,102.6842105,19,110.4928618,25.34880098,144,115.2105263,-1,2.814814815
26,greenwood,ensi,6,222,2.863199,250,85,102.6842105,19,110.4928618,25.34880098,-8,115.2105263,-1,2.814814815
27,greenwood,ensi,7,324,3.344807,250,188,102.6842105,19,110.4928618,25.34880098,183,115.2105263,-1,2.814814815
28,greenwood,ensi,8,237,1.704534,250,-36,102.6842105,19,110.4928618,25.34880098,-27,115.2105263,-1,2.814814815
29,greenwood,ensi,9,155,2.964229,250,89,102.6842105,19,110.4928618,25.34880098,59,115.2105263,-1,2.814814815
30,greenwood,ensi,10,338,2.161186,250,81,102.6842105,19,110.4928618,25.34880098,65,115.2105263,-1,2.814814815
31,greenwood,ensi,12,316,2.033444,250,160,102.6842105,19,110.4928618,25.34880098,35,115.2105263,-1,2.814814815
32,greenwood,ensi,13,230,2.894346,250,117,102.6842105,19,110.4928618,25.34880098,61,115.2105263,-1,2.814814815
33,greenwood,ensi,14,248,1.871363,250,204,102.6842105,19,110.4928618,25.34880098,59,115.2105263,-1,2.814814815
34,greenwood,ensi,15,206,1.671938,250,62,102.6842105,19,110.4928618,25.34880098,23,115.2105263,-1,2.814814815
35,greenwood,ensi,16,30,1.830545,250,-148,102.6842105,19,110.4928618,25.34880098,148,115.2105263,-1,2.814814815
36,greenwood,ensi,17,259,1.849227,250,205,102.6842105,19,110.4928618,25.34880098,111,115.2105263,-1,2.814814815
37,greenwood,ensi,18,158,1.964762,250,-30,102.6842105,19,110.4928618,25.34880098,233,115.2105263,-1,2.814814815
38,greenwood,ensi,19,477,1.758903,250,277,102.6842105,19,110.4928618,25.34880098,131,115.2105263,-1,2.814814815
39,greenwood,ensi,20,306,2.386701,250,144,102.6842105,19,110.4928618,25.34880098,242,115.2105263,-1,2.814814815
40,sequoyah,ensi,1,345,2.796628,250.7368421,228,61.47368421,19,126.0746553,28.92350957,284,91.84210526,-1,0.098765432
41,sequoyah,ensi,2,350,1.776532,250.7368421,13,61.47368421,19,126.0746553,28.92350957,-23,91.84210526,-1,0.098765432
42,sequoyah,ensi,4,222,3.080248,250.7368421,-20,61.47368421,19,126.0746553,28.92350957,15,91.84210526,-1,0.098765432
43,sequoyah,ensi,5,87,2.939704,250.7368421,-43,61.47368421,19,126.0746553,28.92350957,173,91.84210526,-1,0.098765432
44,sequoyah,ensi,6,152,2.546329,250.7368421,87,61.47368421,19,126.0746553,28.92350957,-31,91.84210526,-1,0.098765432
45,sequoyah,ensi,7,139,2.314476,250.7368421,74,61.47368421,19,126.0746553,28.92350957,137,91.84210526,-1,0.098765432
46,sequoyah,ensi,8,321,2.973765,250.7368421,169,61.47368421,19,126.0746553,28.92350957,139,91.84210526,-1,0.098765432
47,sequoyah,ensi,9,178,2.35801,250.7368421,26,61.47368421,19,126.0746553,28.92350957,-152,91.84210526,-1,0.098765432
48,sequoyah,ensi,10,130,2.506001,250.7368421,94,61.47368421,19,126.0746553,28.92350957,206,91.84210526,-1,0.098765432
49,sequoyah,ensi,11,109,2.127583,250.7368421,-63,61.47368421,19,126.0746553,28.92350957,82,91.84210526,-1,0.098765432
50,sequoyah,ensi,12,438,1.942803,250.7368421,8,61.47368421,19,126.0746553,28.92350957,-119,91.84210526,-1,0.098765432
51,sequoyah,ensi,13,349,2.897234,250.7368421,220,61.47368421,19,126.0746553,28.92350957,286,91.84210526,-1,0.098765432
52,sequoyah,ensi,14,417,2.746983,250.7368421,110,61.47368421,19,126.0746553,28.92350957,50,91.84210526,-1,0.098765432
53,sequoyah,ensi,15,159,2.211169,250.7368421,-55,61.47368421,19,126.0746553,28.92350957,126,91.84210526,-1,0.098765432
54,sequoyah,ensi,16,200,2.060237,250.7368421,-22,61.47368421,19,126.0746553,28.92350957,71,91.84210526,-1,0.098765432
55,sequoyah,ensi,17,136,2.67833,250.7368421,-225,61.47368421,19,126.0746553,28.92350957,-162,91.84210526,-1,0.098765432
56,sequoyah,ensi,18,422,2.370793,250.7368421,322,61.47368421,19,126.0746553,28.92350957,268,91.84210526,-1,0.098765432
57,sequoyah,ensi,19,322,2.59286,250.7368421,126,61.47368421,19,126.0746553,28.92350957,225,91.84210526,-1,0.098765432
58,sequoyah,ensi,20,288,2.053434,250.7368421,119,61.47368421,19,126.0746553,28.92350957,170,91.84210526,-1,0.098765432
59,fayetteville,ensi,1,376,2.304735,305.75,-9,114.25,20,138.2609565,30.91608975,-108,148.25,-1,2.518518519
60,fayetteville,ensi,2,267,2.936788,305.75,228,114.25,20,138.2609565,30.91608975,246,148.25,-1,2.518518519
61,fayetteville,ensi,3,399,2.43627,305.75,17,114.25,20,138.2609565,30.91608975,-47,148.25,-1,2.518518519
62,fayetteville,ensi,4,322,2.359646,305.75,23,114.25,20,138.2609565,30.91608975,152,148.25,-1,2.518518519
63,fayetteville,ensi,5,341,2.33931,305.75,-28,114.25,20,138.2609565,30.91608975,-75,148.25,-1,2.518518519
64,fayetteville,ensi,6,503,1.732127,305.75,155,114.25,20,138.2609565,30.91608975,-22,148.25,-1,2.518518519
65,fayetteville,ensi,7,124,2.817808,305.75,-35,114.25,20,138.2609565,30.91608975,157,148.25,-1,2.518518519
66,fayetteville,ensi,8,301,2.074876,305.75,202,114.25,20,138.2609565,30.91608975,455,148.25,-1,2.518518519
67,fayetteville,ensi,9,364,2.393202,305.75,304,114.25,20,138.2609565,30.91608975,282,148.25,-1,2.518518519
68,fayetteville,ensi,10,293,2.221793,305.75,183,114.25,20,138.2609565,30.91608975,255,148.25,-1,2.518518519
69,fayetteville,ensi,11,252,2.360666,305.75,180,114.25,20,138.2609565,30.91608975,249,148.25,-1,2.518518519
70,fayetteville,ensi,12,47,2.795233,305.75,-22,114.25,20,138.2609565,30.91608975,125,148.25,-1,2.518518519
71,fayetteville,ensi,13,245,2.656659,305.75,-37,114.25,20,138.2609565,30.91608975,176,148.25,-1,2.518518519
72,fayetteville,ensi,14,415,2.566267,305.75,261,114.25,20,138.2609565,30.91608975,140,148.25,-1,2.518518519
73,fayetteville,ensi,15,233,1.896228,305.75,-130,114.25,20,138.2609565,30.91608975,-98,148.25,-1,2.518518519
74,fayetteville,ensi,16,345,2.486036,305.75,145,114.25,20,138.2609565,30.91608975,149,148.25,-1,2.518518519
75,fayetteville,ensi,17,227,2.78543,305.75,143,114.25,20,138.2609565,30.91608975,296,148.25,-1,2.518518519
76,fayetteville,ensi,18,204,3.280343,305.75,112,114.25,20,138.2609565,30.91608975,192,148.25,-1,2.518518519
77,fayetteville,ensi,19,484,1.873267,305.75,418,114.25,20,138.2609565,30.91608975,294,148.25,-1,2.518518519
78,fayetteville,ensi,20,373,2.452386,305.75,175,114.25,20,138.2609565,30.91608975,147,148.25,-1,2.518518519
79,bobkidd,ensi,1,153,3.075591,252.4210526,1,42,19,98.82869579,22.67285777,27,116.9473684,-1,1.382716049
80,bobkidd,ensi,2,397,3.207167,252.4210526,-37,42,19,98.82869579,22.67285777,83,116.9473684,-1,1.382716049
81,bobkidd,ensi,3,113,3.004781,252.4210526,17,42,19,98.82869579,22.67285777,6,116.9473684,-1,1.382716049
82,bobkidd,ensi,4,261,2.100755,252.4210526,-35,42,19,98.82869579,22.67285777,126,116.9473684,-1,1.382716049
83,bobkidd,ensi,5,328,1.978442,252.4210526,51,42,19,98.82869579,22.67285777,124,116.9473684,-1,1.382716049
84,bobkidd,ensi,6,265,3.024754,252.4210526,-139,42,19,98.82869579,22.67285777,121,116.9473684,-1,1.382716049
85,bobkidd,ensi,8,58,2.567165,252.4210526,-41,42,19,98.82869579,22.67285777,12,116.9473684,-1,1.382716049
86,bobkidd,ensi,9,315,2.793063,252.4210526,181,42,19,98.82869579,22.67285777,183,116.9473684,-1,1.382716049
87,bobkidd,ensi,10,417,3.257243,252.4210526,-29,42,19,98.82869579,22.67285777,-142,116.9473684,-1,1.382716049
88,bobkidd,ensi,11,219,2.492674,252.4210526,183,42,19,98.82869579,22.67285777,394,116.9473684,-1,1.382716049
89,bobkidd,ensi,12,196,2.442463,252.4210526,-86,42,19,98.82869579,22.67285777,147,116.9473684,-1,1.382716049
90,bobkidd,ensi,13,341,2.358163,252.4210526,-16,42,19,98.82869579,22.67285777,156,116.9473684,-1,1.382716049
91,bobkidd,ensi,14,207,2.970993,252.4210526,137,42,19,98.82869579,22.67285777,220,116.9473684,-1,1.382716049
92,bobkidd,ensi,15,267,2.977688,252.4210526,189,42,19,98.82869579,22.67285777,140,116.9473684,-1,1.382716049
93,bobkidd,ensi,16,197,2.345462,252.4210526,32,42,19,98.82869579,22.67285777,62,116.9473684,-1,1.382716049
94,bobkidd,ensi,17,146,2.975751,252.4210526,78,42,19,98.82869579,22.67285777,250,116.9473684,-1,1.382716049
95,bobkidd,ensi,18,398,2.927561,252.4210526,176,42,19,98.82869579,22.67285777,132,116.9473684,-1,1.382716049
96,bobkidd,ensi,19,283,3.00895,252.4210526,12,42,19,98.82869579,22.67285777,69,116.9473684,-1,1.382716049
97,bobkidd,ensi,20,235,3.158317,252.4210526,124,42,19,98.82869579,22.67285777,112,116.9473684,-1,1.382716049
98,siloam,ensi,1,281,2.547095,304.4,216,50.1,20,138.5495921,30.98063062,245,25.8,-1,0.345679012
99,siloam,ensi,2,450,3.421429,304.4,389,50.1,20,138.5495921,30.98063062,244,25.8,-1,0.345679012
100,siloam,ensi,3,376,2.130388,304.4,-20,50.1,20,138.5495921,30.98063062,-203,25.8,-1,0.345679012
101,siloam,ensi,4,432,2.465712,304.4,164,50.1,20,138.5495921,30.98063062,142,25.8,-1,0.345679012
102,siloam,ensi,5,361,2.588057,304.4,287,50.1,20,138.5495921,30.98063062,307,25.8,-1,0.345679012
103,siloam,ensi,6,248,3.17766,304.4,-120,50.1,20,138.5495921,30.98063062,50,25.8,-1,0.345679012
104,siloam,ensi,7,286,2.332203,304.4,-52,50.1,20,138.5495921,30.98063062,-134,25.8,-1,0.345679012
105,siloam,ensi,8,314,2.18401,304.4,-19,50.1,20,138.5495921,30.98063062,-146,25.8,-1,0.345679012
106,siloam,ensi,9,319,3.077696,304.4,40,50.1,20,138.5495921,30.98063062,-45,25.8,-1,0.345679012
107,siloam,ensi,10,143,2.961677,304.4,55,50.1,20,138.5495921,30.98063062,111,25.8,-1,0.345679012
108,siloam,ensi,11,379,2.757485,304.4,84,50.1,20,138.5495921,30.98063062,-182,25.8,-1,0.345679012
109,siloam,ensi,12,306,2.718625,304.4,193,50.1,20,138.5495921,30.98063062,172,25.8,-1,0.345679012
110,siloam,ensi,13,185,2.492402,304.4,-115,50.1,20,138.5495921,30.98063062,69,25.8,-1,0.345679012
111,siloam,ensi,14,331,2.50154,304.4,-104,50.1,20,138.5495921,30.98063062,-98,25.8,-1,0.345679012
112,siloam,ensi,15,66,2.195495,304.4,-67,50.1,20,138.5495921,30.98063062,8,25.8,-1,0.345679012
113,siloam,ensi,16,330,2.769907,304.4,2,50.1,20,138.5495921,30.98063062,42,25.8,-1,0.345679012
114,siloam,ensi,17,298,2.415642,304.4,0,50.1,20,138.5495921,30.98063062,-46,25.8,-1,0.345679012
115,siloam,ensi,18,271,1.917371,304.4,102,50.1,20,138.5495921,30.98063062,-93,25.8,-1,0.345679012
116,siloam,ensi,19,339,2.419017,304.4,-43,50.1,20,138.5495921,30.98063062,-41,25.8,-1,0.345679012
117,siloam,ensi,20,373,2.803281,304.4,10,50.1,20,138.5495921,30.98063062,114,25.8,-1,0.345679012
118,prairiegrove,ensi,1,361,2.420978,326.2631579,38,41.42105263,19,80.88353478,18.55595549,75,-6.263157895,-1,0.592592593
119,prairiegrove,ensi,2,328,2.811272,326.2631579,-6,41.42105263,19,80.88353478,18.55595549,-28,-6.263157895,-1,0.592592593
120,prairiegrove,ensi,3,228,1.837061,326.2631579,-67,41.42105263,19,80.88353478,18.55595549,-141,-6.263157895,-1,0.592592593
121,prairiegrove,ensi,4,196,2.878855,326.2631579,-19,41.42105263,19,80.88353478,18.55595549,-51,-6.263157895,-1,0.592592593
122,prairiegrove,ensi,5,301,2.96826,326.2631579,105,41.42105263,19,80.88353478,18.55595549,-45,-6.263157895,-1,0.592592593
123,prairiegrove,ensi,6,302,2.895606,326.2631579,26,41.42105263,19,80.88353478,18.55595549,-56,-6.263157895,-1,0.592592593
124,prairiegrove,ensi,7,457,2.064053,326.2631579,50,41.42105263,19,80.88353478,18.55595549,-191,-6.263157895,-1,0.592592593
125,prairiegrove,ensi,8,332,1.852544,326.2631579,-55,41.42105263,19,80.88353478,18.55595549,-25,-6.263157895,-1,0.592592593
126,prairiegrove,ensi,9,372,2.516781,326.2631579,47,41.42105263,19,80.88353478,18.55595549,59,-6.263157895,-1,0.592592593
127,prairiegrove,ensi,10,255,2.593612,326.2631579,130,41.42105263,19,80.88353478,18.55595549,229,-6.263157895,-1,0.592592593
128,prairiegrove,ensi,11,480,2.340859,326.2631579,131,41.42105263,19,80.88353478,18.55595549,-16,-6.263157895,-1,0.592592593
129,prairiegrove,ensi,12,325,2.964486,326.2631579,-46,41.42105263,19,80.88353478,18.55595549,-82,-6.263157895,-1,0.592592593
130,prairiegrove,ensi,13,173,3.0436,326.2631579,38,41.42105263,19,80.88353478,18.55595549,74,-6.263157895,-1,0.592592593
131,prairiegrove,ensi,14,365,3.0761,326.2631579,136,41.42105263,19,80.88353478,18.55595549,3,-6.263157895,-1,0.592592593
132,prairiegrove,ensi,15,365,1.864827,326.2631579,-68,41.42105263,19,80.88353478,18.55595549,-186,-6.263157895,-1,0.592592593
133,prairiegrove,ensi,17,298,2.3933,326.2631579,-15,41.42105263,19,80.88353478,18.55595549,-51,-6.263157895,-1,0.592592593
134,prairiegrove,ensi,18,375,2.600464,326.2631579,91,41.42105263,19,80.88353478,18.55595549,120,-6.263157895,-1,0.592592593
135,prairiegrove,ensi,19,395,1.74503,326.2631579,232,41.42105263,19,80.88353478,18.55595549,173,-6.263157895,-1,0.592592593
136,prairiegrove,ensi,20,291,2.504286,326.2631579,39,41.42105263,19,80.88353478,18.55595549,20,-6.263157895,-1,0.592592593
137,lincoln,ensi,1,202,0,223.75,-12,5.2,20,98.12054884,21.94042172,153,72.65,0,0.987654321
138,lincoln,ensi,2,432,0,223.75,-161,5.2,20,98.12054884,21.94042172,-43,72.65,0,0.987654321
139,lincoln,ensi,3,160,0,223.75,-113,5.2,20,98.12054884,21.94042172,57,72.65,0,0.987654321
140,lincoln,ensi,4,236,0,223.75,57,5.2,20,98.12054884,21.94042172,157,72.65,0,0.987654321
141,lincoln,ensi,5,285,0,223.75,-5,5.2,20,98.12054884,21.94042172,-74,72.65,0,0.987654321
142,lincoln,ensi,6,442,0,223.75,-193,5.2,20,98.12054884,21.94042172,-233,72.65,0,0.987654321
143,lincoln,ensi,7,95,0,223.75,154,5.2,20,98.12054884,21.94042172,99,72.65,0,0.987654321
144,lincoln,ensi,8,323,0,223.75,94,5.2,20,98.12054884,21.94042172,88,72.65,0,0.987654321
145,lincoln,ensi,9,260,0,223.75,56,5.2,20,98.12054884,21.94042172,45,72.65,0,0.987654321
146,lincoln,ensi,10,73,0,223.75,108,5.2,20,98.12054884,21.94042172,346,72.65,0,0.987654321
147,lincoln,ensi,11,50,0,223.75,95,5.2,20,98.12054884,21.94042172,335,72.65,0,0.987654321
148,lincoln,ensi,12,343,0,223.75,62,5.2,20,98.12054884,21.94042172,-258,72.65,0,0.987654321
149,lincoln,ensi,13,219,0,223.75,-174,5.2,20,98.12054884,21.94042172,108,72.65,0,0.987654321
150,lincoln,ensi,14,45,0,223.75,15,5.2,20,98.12054884,21.94042172,136,72.65,0,0.987654321
151,lincoln,ensi,15,253,0,223.75,-38,5.2,20,98.12054884,21.94042172,124,72.65,0,0.987654321
152,lincoln,ensi,16,224,0,223.75,62,5.2,20,98.12054884,21.94042172,97,72.65,0,0.987654321
153,lincoln,ensi,17,230,0,223.75,57,5.2,20,98.12054884,21.94042172,28,72.65,0,0.987654321
154,lincoln,ensi,18,191,0,223.75,65,5.2,20,98.12054884,21.94042172,55,72.65,0,0.987654321
155,lincoln,ensi,19,117,0,223.75,-25,5.2,20,98.12054884,21.94042172,267,72.65,0,0.987654321
156,lincoln,ensi,20,295,0,223.75,0,5.2,20,98.12054884,21.94042172,-34,72.65,0,0.987654321
157,greenwood,ensi,1,267,1.517458,147.3157895,137,102.6842105,19,110.4928618,25.34880098,11,115.2105263,0,2.814814815
158,greenwood,ensi,2,103,1.896822,147.3157895,178,102.6842105,19,110.4928618,25.34880098,408,115.2105263,0,2.814814815
159,greenwood,ensi,3,6,2.188155,147.3157895,252,102.6842105,19,110.4928618,25.34880098,277,115.2105263,0,2.814814815
160,greenwood,ensi,4,30,2.828159,147.3157895,11,102.6842105,19,110.4928618,25.34880098,34,115.2105263,0,2.814814815
161,greenwood,ensi,5,285,2.455173,147.3157895,-25,102.6842105,19,110.4928618,25.34880098,144,115.2105263,0,2.814814815
162,greenwood,ensi,6,137,2.863199,147.3157895,85,102.6842105,19,110.4928618,25.34880098,-8,115.2105263,0,2.814814815
163,greenwood,ensi,7,136,3.344807,147.3157895,188,102.6842105,19,110.4928618,25.34880098,183,115.2105263,0,2.814814815
164,greenwood,ensi,8,273,1.704534,147.3157895,-36,102.6842105,19,110.4928618,25.34880098,-27,115.2105263,0,2.814814815
165,greenwood,ensi,9,66,2.964229,147.3157895,89,102.6842105,19,110.4928618,25.34880098,59,115.2105263,0,2.814814815
166,greenwood,ensi,10,257,2.161186,147.3157895,81,102.6842105,19,110.4928618,25.34880098,65,115.2105263,0,2.814814815
167,greenwood,ensi,12,156,2.033444,147.3157895,160,102.6842105,19,110.4928618,25.34880098,35,115.2105263,0,2.814814815
168,greenwood,ensi,13,113,2.894346,147.3157895,117,102.6842105,19,110.4928618,25.34880098,61,115.2105263,0,2.814814815
169,greenwood,ensi,14,44,1.871363,147.3157895,204,102.6842105,19,110.4928618,25.34880098,59,115.2105263,0,2.814814815
170,greenwood,ensi,15,144,1.671938,147.3157895,62,102.6842105,19,110.4928618,25.34880098,23,115.2105263,0,2.814814815
171,greenwood,ensi,16,178,1.830545,147.3157895,-148,102.6842105,19,110.4928618,25.34880098,148,115.2105263,0,2.814814815
172,greenwood,ensi,17,54,1.849227,147.3157895,205,102.6842105,19,110.4928618,25.34880098,111,115.2105263,0,2.814814815
173,greenwood,ensi,18,188,1.964762,147.3157895,-30,102.6842105,19,110.4928618,25.34880098,233,115.2105263,0,2.814814815
174,greenwood,ensi,19,200,1.758903,147.3157895,277,102.6842105,19,110.4928618,25.34880098,131,115.2105263,0,2.814814815
175,greenwood,ensi,20,162,2.386701,147.3157895,144,102.6842105,19,110.4928618,25.34880098,242,115.2105263,0,2.814814815
176,sequoyah,ensi,1,117,2.796628,189.2631579,228,61.47368421,19,126.0746553,28.92350957,284,91.84210526,0,0.098765432
177,sequoyah,ensi,2,337,1.776532,189.2631579,13,61.47368421,19,126.0746553,28.92350957,-23,91.84210526,0,0.098765432
178,sequoyah,ensi,4,242,3.080248,189.2631579,-20,61.47368421,19,126.0746553,28.92350957,15,91.84210526,0,0.098765432
179,sequoyah,ensi,5,130,2.939704,189.2631579,-43,61.47368421,19,126.0746553,28.92350957,173,91.84210526,0,0.098765432
180,sequoyah,ensi,6,65,2.546329,189.2631579,87,61.47368421,19,126.0746553,28.92350957,-31,91.84210526,0,0.098765432
181,sequoyah,ensi,7,65,2.314476,189.2631579,74,61.47368421,19,126.0746553,28.92350957,137,91.84210526,0,0.098765432
182,sequoyah,ensi,8,152,2.973765,189.2631579,169,61.47368421,19,126.0746553,28.92350957,139,91.84210526,0,0.098765432
183,sequoyah,ensi,9,152,2.35801,189.2631579,26,61.47368421,19,126.0746553,28.92350957,-152,91.84210526,0,0.098765432
184,sequoyah,ensi,10,36,2.506001,189.2631579,94,61.47368421,19,126.0746553,28.92350957,206,91.84210526,0,0.098765432
185,sequoyah,ensi,11,172,2.127583,189.2631579,-63,61.47368421,19,126.0746553,28.92350957,82,91.84210526,0,0.098765432
186,sequoyah,ensi,12,430,1.942803,189.2631579,8,61.47368421,19,126.0746553,28.92350957,-119,91.84210526,0,0.098765432
187,sequoyah,ensi,13,129,2.897234,189.2631579,220,61.47368421,19,126.0746553,28.92350957,286,91.84210526,0,0.098765432
188,sequoyah,ensi,14,307,2.746983,189.2631579,110,61.47368421,19,126.0746553,28.92350957,50,91.84210526,0,0.098765432
189,sequoyah,ensi,15,214,2.211169,189.2631579,-55,61.47368421,19,126.0746553,28.92350957,126,91.84210526,0,0.098765432
190,sequoyah,ensi,16,222,2.060237,189.2631579,-22,61.47368421,19,126.0746553,28.92350957,71,91.84210526,0,0.098765432
191,sequoyah,ensi,17,361,2.67833,189.2631579,-225,61.47368421,19,126.0746553,28.92350957,-162,91.84210526,0,0.098765432
192,sequoyah,ensi,18,100,2.370793,189.2631579,322,61.47368421,19,126.0746553,28.92350957,268,91.84210526,0,0.098765432
193,sequoyah,ensi,19,196,2.59286,189.2631579,126,61.47368421,19,126.0746553,28.92350957,225,91.84210526,0,0.098765432
194,sequoyah,ensi,20,169,2.053434,189.2631579,119,61.47368421,19,126.0746553,28.92350957,170,91.84210526,0,0.098765432
195,fayetteville,ensi,1,385,2.304735,191.5,-9,114.25,20,138.2609565,30.91608975,-108,148.25,0,2.518518519
196,fayetteville,ensi,2,39,2.936788,191.5,228,114.25,20,138.2609565,30.91608975,246,148.25,0,2.518518519
197,fayetteville,ensi,3,382,2.43627,191.5,17,114.25,20,138.2609565,30.91608975,-47,148.25,0,2.518518519
198,fayetteville,ensi,4,299,2.359646,191.5,23,114.25,20,138.2609565,30.91608975,152,148.25,0,2.518518519
199,fayetteville,ensi,5,369,2.33931,191.5,-28,114.25,20,138.2609565,30.91608975,-75,148.25,0,2.518518519
200,fayetteville,ensi,6,348,1.732127,191.5,155,114.25,20,138.2609565,30.91608975,-22,148.25,0,2.518518519
201,fayetteville,ensi,7,159,2.817808,191.5,-35,114.25,20,138.2609565,30.91608975,157,148.25,0,2.518518519
202,fayetteville,ensi,8,99,2.074876,191.5,202,114.25,20,138.2609565,30.91608975,455,148.25,0,2.518518519
203,fayetteville,ensi,9,60,2.393202,191.5,304,114.25,20,138.2609565,30.91608975,282,148.25,0,2.518518519
204,fayetteville,ensi,10,110,2.221793,191.5,183,114.25,20,138.2609565,30.91608975,255,148.25,0,2.518518519
205,fayetteville,ensi,11,72,2.360666,191.5,180,114.25,20,138.2609565,30.91608975,249,148.25,0,2.518518519
206,fayetteville,ensi,12,69,2.795233,191.5,-22,114.25,20,138.2609565,30.91608975,125,148.25,0,2.518518519
207,fayetteville,ensi,13,282,2.656659,191.5,-37,114.25,20,138.2609565,30.91608975,176,148.25,0,2.518518519
208,fayetteville,ensi,14,154,2.566267,191.5,261,114.25,20,138.2609565,30.91608975,140,148.25,0,2.518518519
209,fayetteville,ensi,15,363,1.896228,191.5,-130,114.25,20,138.2609565,30.91608975,-98,148.25,0,2.518518519
210,fayetteville,ensi,16,200,2.486036,191.5,145,114.25,20,138.2609565,30.91608975,149,148.25,0,2.518518519
211,fayetteville,ensi,17,84,2.78543,191.5,143,114.25,20,138.2609565,30.91608975,296,148.25,0,2.518518519
212,fayetteville,ensi,18,92,3.280343,191.5,112,114.25,20,138.2609565,30.91608975,192,148.25,0,2.518518519
213,fayetteville,ensi,19,66,1.873267,191.5,418,114.25,20,138.2609565,30.91608975,294,148.25,0,2.518518519
214,fayetteville,ensi,20,198,2.452386,191.5,175,114.25,20,138.2609565,30.91608975,147,148.25,0,2.518518519
215,bobkidd,ensi,1,152,3.075591,210.4210526,1,42,19,98.82869579,22.67285777,27,116.9473684,0,1.382716049
216,bobkidd,ensi,2,434,3.207167,210.4210526,-37,42,19,98.82869579,22.67285777,83,116.9473684,0,1.382716049
217,bobkidd,ensi,3,96,3.004781,210.4210526,17,42,19,98.82869579,22.67285777,6,116.9473684,0,1.382716049
218,bobkidd,ensi,4,296,2.100755,210.4210526,-35,42,19,98.82869579,22.67285777,126,116.9473684,0,1.382716049
219,bobkidd,ensi,5,277,1.978442,210.4210526,51,42,19,98.82869579,22.67285777,124,116.9473684,0,1.382716049
220,bobkidd,ensi,6,404,3.024754,210.4210526,-139,42,19,98.82869579,22.67285777,121,116.9473684,0,1.382716049
221,bobkidd,ensi,8,99,2.567165,210.4210526,-41,42,19,98.82869579,22.67285777,12,116.9473684,0,1.382716049
222,bobkidd,ensi,9,134,2.793063,210.4210526,181,42,19,98.82869579,22.67285777,183,116.9473684,0,1.382716049
223,bobkidd,ensi,10,446,3.257243,210.4210526,-29,42,19,98.82869579,22.67285777,-142,116.9473684,0,1.382716049
224,bobkidd,ensi,11,36,2.492674,210.4210526,183,42,19,98.82869579,22.67285777,394,116.9473684,0,1.382716049
225,bobkidd,ensi,12,282,2.442463,210.4210526,-86,42,19,98.82869579,22.67285777,147,116.9473684,0,1.382716049
226,bobkidd,ensi,13,357,2.358163,210.4210526,-16,42,19,98.82869579,22.67285777,156,116.9473684,0,1.382716049
227,bobkidd,ensi,14,70,2.970993,210.4210526,137,42,19,98.82869579,22.67285777,220,116.9473684,0,1.382716049
228,bobkidd,ensi,15,78,2.977688,210.4210526,189,42,19,98.82869579,22.67285777,140,116.9473684,0,1.382716049
229,bobkidd,ensi,16,165,2.345462,210.4210526,32,42,19,98.82869579,22.67285777,62,116.9473684,0,1.382716049
230,bobkidd,ensi,17,68,2.975751,210.4210526,78,42,19,98.82869579,22.67285777,250,116.9473684,0,1.382716049
231,bobkidd,ensi,18,222,2.927561,210.4210526,176,42,19,98.82869579,22.67285777,132,116.9473684,0,1.382716049
232,bobkidd,ensi,19,271,3.00895,210.4210526,12,42,19,98.82869579,22.67285777,69,116.9473684,0,1.382716049
233,bobkidd,ensi,20,111,3.158317,210.4210526,124,42,19,98.82869579,22.67285777,112,116.9473684,0,1.382716049
234,siloam,ensi,1,65,2.547095,254.3,216,50.1,20,138.5495921,30.98063062,245,25.8,0,0.345679012
235,siloam,ensi,2,61,3.421429,254.3,389,50.1,20,138.5495921,30.98063062,244,25.8,0,0.345679012
236,siloam,ensi,3,396,2.130388,254.3,-20,50.1,20,138.5495921,30.98063062,-203,25.8,0,0.345679012
237,siloam,ensi,4,268,2.465712,254.3,164,50.1,20,138.5495921,30.98063062,142,25.8,0,0.345679012
238,siloam,ensi,5,74,2.588057,254.3,287,50.1,20,138.5495921,30.98063062,307,25.8,0,0.345679012
239,siloam,ensi,6,368,3.17766,254.3,-120,50.1,20,138.5495921,30.98063062,50,25.8,0,0.345679012
240,siloam,ensi,7,338,2.332203,254.3,-52,50.1,20,138.5495921,30.98063062,-134,25.8,0,0.345679012
241,siloam,ensi,8,333,2.18401,254.3,-19,50.1,20,138.5495921,30.98063062,-146,25.8,0,0.345679012
242,siloam,ensi,9,279,3.077696,254.3,40,50.1,20,138.5495921,30.98063062,-45,25.8,0,0.345679012
243,siloam,ensi,10,88,2.961677,254.3,55,50.1,20,138.5495921,30.98063062,111,25.8,0,0.345679012
244,siloam,ensi,11,295,2.757485,254.3,84,50.1,20,138.5495921,30.98063062,-182,25.8,0,0.345679012
245,siloam,ensi,12,113,2.718625,254.3,193,50.1,20,138.5495921,30.98063062,172,25.8,0,0.345679012
246,siloam,ensi,13,300,2.492402,254.3,-115,50.1,20,138.5495921,30.98063062,69,25.8,0,0.345679012
247,siloam,ensi,14,435,2.50154,254.3,-104,50.1,20,138.5495921,30.98063062,-98,25.8,0,0.345679012
248,siloam,ensi,15,133,2.195495,254.3,-67,50.1,20,138.5495921,30.98063062,8,25.8,0,0.345679012
249,siloam,ensi,16,328,2.769907,254.3,2,50.1,20,138.5495921,30.98063062,42,25.8,0,0.345679012
250,siloam,ensi,17,298,2.415642,254.3,0,50.1,20,138.5495921,30.98063062,-46,25.8,0,0.345679012
251,siloam,ensi,18,169,1.917371,254.3,102,50.1,20,138.5495921,30.98063062,-93,25.8,0,0.345679012
252,siloam,ensi,19,382,2.419017,254.3,-43,50.1,20,138.5495921,30.98063062,-41,25.8,0,0.345679012
253,siloam,ensi,20,363,2.803281,254.3,10,50.1,20,138.5495921,30.98063062,114,25.8,0,0.345679012
254,prairiegrove,ensi,1,323,2.420978,284.8421053,38,41.42105263,19,80.88353478,18.55595549,75,-6.263157895,0,0.592592593
255,prairiegrove,ensi,2,334,2.811272,284.8421053,-6,41.42105263,19,80.88353478,18.55595549,-28,-6.263157895,0,0.592592593
256,prairiegrove,ensi,3,295,1.837061,284.8421053,-67,41.42105263,19,80.88353478,18.55595549,-141,-6.263157895,0,0.592592593
257,prairiegrove,ensi,4,215,2.878855,284.8421053,-19,41.42105263,19,80.88353478,18.55595549,-51,-6.263157895,0,0.592592593
258,prairiegrove,ensi,5,196,2.96826,284.8421053,105,41.42105263,19,80.88353478,18.55595549,-45,-6.263157895,0,0.592592593
259,prairiegrove,ensi,6,276,2.895606,284.8421053,26,41.42105263,19,80.88353478,18.55595549,-56,-6.263157895,0,0.592592593
260,prairiegrove,ensi,7,407,2.064053,284.8421053,50,41.42105263,19,80.88353478,18.55595549,-191,-6.263157895,0,0.592592593
261,prairiegrove,ensi,8,387,1.852544,284.8421053,-55,41.42105263,19,80.88353478,18.55595549,-25,-6.263157895,0,0.592592593
262,prairiegrove,ensi,9,325,2.516781,284.8421053,47,41.42105263,19,80.88353478,18.55595549,59,-6.263157895,0,0.592592593
263,prairiegrove,ensi,10,125,2.593612,284.8421053,130,41.42105263,19,80.88353478,18.55595549,229,-6.263157895,0,0.592592593
264,prairiegrove,ensi,11,349,2.340859,284.8421053,131,41.42105263,19,80.88353478,18.55595549,-16,-6.263157895,0,0.592592593
265,prairiegrove,ensi,12,371,2.964486,284.8421053,-46,41.42105263,19,80.88353478,18.55595549,-82,-6.263157895,0,0.592592593
266,prairiegrove,ensi,13,135,3.0436,284.8421053,38,41.42105263,19,80.88353478,18.55595549,74,-6.263157895,0,0.592592593
267,prairiegrove,ensi,14,229,3.0761,284.8421053,136,41.42105263,19,80.88353478,18.55595549,3,-6.263157895,0,0.592592593
268,prairiegrove,ensi,15,433,1.864827,284.8421053,-68,41.42105263,19,80.88353478,18.55595549,-186,-6.263157895,0,0.592592593
269,prairiegrove,ensi,17,313,2.3933,284.8421053,-15,41.42105263,19,80.88353478,18.55595549,-51,-6.263157895,0,0.592592593
270,prairiegrove,ensi,18,284,2.600464,284.8421053,91,41.42105263,19,80.88353478,18.55595549,120,-6.263157895,0,0.592592593
271,prairiegrove,ensi,19,163,1.74503,284.8421053,232,41.42105263,19,80.88353478,18.55595549,173,-6.263157895,0,0.592592593
272,prairiegrove,ensi,20,252,2.504286,284.8421053,39,41.42105263,19,80.88353478,18.55595549,20,-6.263157895,0,0.592592593
273,lincoln,ensi,1,355,0,296.4,-12,5.2,20,98.12054884,21.94042172,153,72.65,1,0.987654321
274,lincoln,ensi,2,389,0,296.4,-161,5.2,20,98.12054884,21.94042172,-43,72.65,1,0.987654321
275,lincoln,ensi,3,217,0,296.4,-113,5.2,20,98.12054884,21.94042172,57,72.65,1,0.987654321
276,lincoln,ensi,4,393,0,296.4,57,5.2,20,98.12054884,21.94042172,157,72.65,1,0.987654321
277,lincoln,ensi,5,211,0,296.4,-5,5.2,20,98.12054884,21.94042172,-74,72.65,1,0.987654321
278,lincoln,ensi,6,209,0,296.4,-193,5.2,20,98.12054884,21.94042172,-233,72.65,1,0.987654321
279,lincoln,ensi,7,194,0,296.4,154,5.2,20,98.12054884,21.94042172,99,72.65,1,0.987654321
280,lincoln,ensi,8,411,0,296.4,94,5.2,20,98.12054884,21.94042172,88,72.65,1,0.987654321
281,lincoln,ensi,9,305,0,296.4,56,5.2,20,98.12054884,21.94042172,45,72.65,1,0.987654321
282,lincoln,ensi,10,419,0,296.4,108,5.2,20,98.12054884,21.94042172,346,72.65,1,0.987654321
283,lincoln,ensi,11,385,0,296.4,95,5.2,20,98.12054884,21.94042172,335,72.65,1,0.987654321
284,lincoln,ensi,12,85,0,296.4,62,5.2,20,98.12054884,21.94042172,-258,72.65,1,0.987654321
285,lincoln,ensi,13,327,0,296.4,-174,5.2,20,98.12054884,21.94042172,108,72.65,1,0.987654321
286,lincoln,ensi,14,181,0,296.4,15,5.2,20,98.12054884,21.94042172,136,72.65,1,0.987654321
287,lincoln,ensi,15,377,0,296.4,-38,5.2,20,98.12054884,21.94042172,124,72.65,1,0.987654321
288,lincoln,ensi,16,321,0,296.4,62,5.2,20,98.12054884,21.94042172,97,72.65,1,0.987654321
289,lincoln,ensi,17,258,0,296.4,57,5.2,20,98.12054884,21.94042172,28,72.65,1,0.987654321
290,lincoln,ensi,18,246,0,296.4,65,5.2,20,98.12054884,21.94042172,55,72.65,1,0.987654321
291,lincoln,ensi,19,384,0,296.4,-25,5.2,20,98.12054884,21.94042172,267,72.65,1,0.987654321
292,lincoln,ensi,20,261,0,296.4,0,5.2,20,98.12054884,21.94042172,-34,72.65,1,0.987654321
293,greenwood,ensi,1,278,1.517458,262.5263158,137,102.6842105,19,110.4928618,25.34880098,11,115.2105263,1,2.814814815
294,greenwood,ensi,2,511,1.896822,262.5263158,178,102.6842105,19,110.4928618,25.34880098,408,115.2105263,1,2.814814815
295,greenwood,ensi,3,283,2.188155,262.5263158,252,102.6842105,19,110.4928618,25.34880098,277,115.2105263,1,2.814814815
296,greenwood,ensi,4,64,2.828159,262.5263158,11,102.6842105,19,110.4928618,25.34880098,34,115.2105263,1,2.814814815
297,greenwood,ensi,5,429,2.455173,262.5263158,-25,102.6842105,19,110.4928618,25.34880098,144,115.2105263,1,2.814814815
298,greenwood,ensi,6,129,2.863199,262.5263158,85,102.6842105,19,110.4928618,25.34880098,-8,115.2105263,1,2.814814815
299,greenwood,ensi,7,319,3.344807,262.5263158,188,102.6842105,19,110.4928618,25.34880098,183,115.2105263,1,2.814814815
300,greenwood,ensi,8,246,1.704534,262.5263158,-36,102.6842105,19,110.4928618,25.34880098,-27,115.2105263,1,2.814814815
301,greenwood,ensi,9,125,2.964229,262.5263158,89,102.6842105,19,110.4928618,25.34880098,59,115.2105263,1,2.814814815
302,greenwood,ensi,10,322,2.161186,262.5263158,81,102.6842105,19,110.4928618,25.34880098,65,115.2105263,1,2.814814815
303,greenwood,ensi,12,191,2.033444,262.5263158,160,102.6842105,19,110.4928618,25.34880098,35,115.2105263,1,2.814814815
304,greenwood,ensi,13,174,2.894346,262.5263158,117,102.6842105,19,110.4928618,25.34880098,61,115.2105263,1,2.814814815
305,greenwood,ensi,14,103,1.871363,262.5263158,204,102.6842105,19,110.4928618,25.34880098,59,115.2105263,1,2.814814815
306,greenwood,ensi,15,167,1.671938,262.5263158,62,102.6842105,19,110.4928618,25.34880098,23,115.2105263,1,2.814814815
307,greenwood,ensi,16,326,1.830545,262.5263158,-148,102.6842105,19,110.4928618,25.34880098,148,115.2105263,1,2.814814815
308,greenwood,ensi,17,165,1.849227,262.5263158,205,102.6842105,19,110.4928618,25.34880098,111,115.2105263,1,2.814814815
309,greenwood,ensi,18,421,1.964762,262.5263158,-30,102.6842105,19,110.4928618,25.34880098,233,115.2105263,1,2.814814815
310,greenwood,ensi,19,331,1.758903,262.5263158,277,102.6842105,19,110.4928618,25.34880098,131,115.2105263,1,2.814814815
311,greenwood,ensi,20,404,2.386701,262.5263158,144,102.6842105,19,110.4928618,25.34880098,242,115.2105263,1,2.814814815
312,sequoyah,ensi,1,401,2.796628,281.1052632,228,61.47368421,19,126.0746553,28.92350957,284,91.84210526,1,0.098765432
313,sequoyah,ensi,2,314,1.776532,281.1052632,13,61.47368421,19,126.0746553,28.92350957,-23,91.84210526,1,0.098765432
314,sequoyah,ensi,4,257,3.080248,281.1052632,-20,61.47368421,19,126.0746553,28.92350957,15,91.84210526,1,0.098765432
315,sequoyah,ensi,5,303,2.939704,281.1052632,-43,61.47368421,19,126.0746553,28.92350957,173,91.84210526,1,0.098765432
316,sequoyah,ensi,6,34,2.546329,281.1052632,87,61.47368421,19,126.0746553,28.92350957,-31,91.84210526,1,0.098765432
317,sequoyah,ensi,7,202,2.314476,281.1052632,74,61.47368421,19,126.0746553,28.92350957,137,91.84210526,1,0.098765432
318,sequoyah,ensi,8,291,2.973765,281.1052632,169,61.47368421,19,126.0746553,28.92350957,139,91.84210526,1,0.098765432
319,sequoyah,ensi,9,0,2.35801,281.1052632,26,61.47368421,19,126.0746553,28.92350957,-152,91.84210526,1,0.098765432
320,sequoyah,ensi,10,242,2.506001,281.1052632,94,61.47368421,19,126.0746553,28.92350957,206,91.84210526,1,0.098765432
321,sequoyah,ensi,11,254,2.127583,281.1052632,-63,61.47368421,19,126.0746553,28.92350957,82,91.84210526,1,0.098765432
322,sequoyah,ensi,12,311,1.942803,281.1052632,8,61.47368421,19,126.0746553,28.92350957,-119,91.84210526,1,0.098765432
323,sequoyah,ensi,13,415,2.897234,281.1052632,220,61.47368421,19,126.0746553,28.92350957,286,91.84210526,1,0.098765432
324,sequoyah,ensi,14,357,2.746983,281.1052632,110,61.47368421,19,126.0746553,28.92350957,50,91.84210526,1,0.098765432
325,sequoyah,ensi,15,340,2.211169,281.1052632,-55,61.47368421,19,126.0746553,28.92350957,126,91.84210526,1,0.098765432
326,sequoyah,ensi,16,293,2.060237,281.1052632,-22,61.47368421,19,126.0746553,28.92350957,71,91.84210526,1,0.098765432
327,sequoyah,ensi,17,199,2.67833,281.1052632,-225,61.47368421,19,126.0746553,28.92350957,-162,91.84210526,1,0.098765432
328,sequoyah,ensi,18,368,2.370793,281.1052632,322,61.47368421,19,126.0746553,28.92350957,268,91.84210526,1,0.098765432
329,sequoyah,ensi,19,421,2.59286,281.1052632,126,61.47368421,19,126.0746553,28.92350957,225,91.84210526,1,0.098765432
330,sequoyah,ensi,20,339,2.053434,281.1052632,119,61.47368421,19,126.0746553,28.92350957,170,91.84210526,1,0.098765432
331,fayetteville,ensi,1,277,2.304735,339.75,-9,114.25,20,138.2609565,30.91608975,-108,148.25,1,2.518518519
332,fayetteville,ensi,2,285,2.936788,339.75,228,114.25,20,138.2609565,30.91608975,246,148.25,1,2.518518519
333,fayetteville,ensi,3,335,2.43627,339.75,17,114.25,20,138.2609565,30.91608975,-47,148.25,1,2.518518519
334,fayetteville,ensi,4,451,2.359646,339.75,23,114.25,20,138.2609565,30.91608975,152,148.25,1,2.518518519
335,fayetteville,ensi,5,294,2.33931,339.75,-28,114.25,20,138.2609565,30.91608975,-75,148.25,1,2.518518519
336,fayetteville,ensi,6,326,1.732127,339.75,155,114.25,20,138.2609565,30.91608975,-22,148.25,1,2.518518519
337,fayetteville,ensi,7,316,2.817808,339.75,-35,114.25,20,138.2609565,30.91608975,157,148.25,1,2.518518519
338,fayetteville,ensi,8,554,2.074876,339.75,202,114.25,20,138.2609565,30.91608975,455,148.25,1,2.518518519
339,fayetteville,ensi,9,342,2.393202,339.75,304,114.25,20,138.2609565,30.91608975,282,148.25,1,2.518518519
340,fayetteville,ensi,10,365,2.221793,339.75,183,114.25,20,138.2609565,30.91608975,255,148.25,1,2.518518519
341,fayetteville,ensi,11,321,2.360666,339.75,180,114.25,20,138.2609565,30.91608975,249,148.25,1,2.518518519
342,fayetteville,ensi,12,194,2.795233,339.75,-22,114.25,20,138.2609565,30.91608975,125,148.25,1,2.518518519
343,fayetteville,ensi,13,458,2.656659,339.75,-37,114.25,20,138.2609565,30.91608975,176,148.25,1,2.518518519
344,fayetteville,ensi,14,294,2.566267,339.75,261,114.25,20,138.2609565,30.91608975,140,148.25,1,2.518518519
345,fayetteville,ensi,15,265,1.896228,339.75,-130,114.25,20,138.2609565,30.91608975,-98,148.25,1,2.518518519
346,fayetteville,ensi,16,349,2.486036,339.75,145,114.25,20,138.2609565,30.91608975,149,148.25,1,2.518518519
347,fayetteville,ensi,17,380,2.78543,339.75,143,114.25,20,138.2609565,30.91608975,296,148.25,1,2.518518519
348,fayetteville,ensi,18,284,3.280343,339.75,112,114.25,20,138.2609565,30.91608975,192,148.25,1,2.518518519
349,fayetteville,ensi,19,360,1.873267,339.75,418,114.25,20,138.2609565,30.91608975,294,148.25,1,2.518518519
350,fayetteville,ensi,20,345,2.452386,339.75,175,114.25,20,138.2609565,30.91608975,147,148.25,1,2.518518519
351,bobkidd,ensi,1,179,3.075591,327.3684211,1,42,19,98.82869579,22.67285777,27,116.9473684,1,1.382716049
352,bobkidd,ensi,2,517,3.207167,327.3684211,-37,42,19,98.82869579,22.67285777,83,116.9473684,1,1.382716049
353,bobkidd,ensi,3,102,3.004781,327.3684211,17,42,19,98.82869579,22.67285777,6,116.9473684,1,1.382716049
354,bobkidd,ensi,4,422,2.100755,327.3684211,-35,42,19,98.82869579,22.67285777,126,116.9473684,1,1.382716049
355,bobkidd,ensi,5,401,1.978442,327.3684211,51,42,19,98.82869579,22.67285777,124,116.9473684,1,1.382716049
356,bobkidd,ensi,6,525,3.024754,327.3684211,-139,42,19,98.82869579,22.67285777,121,116.9473684,1,1.382716049
357,bobkidd,ensi,8,111,2.567165,327.3684211,-41,42,19,98.82869579,22.67285777,12,116.9473684,1,1.382716049
358,bobkidd,ensi,9,317,2.793063,327.3684211,181,42,19,98.82869579,22.67285777,183,116.9473684,1,1.382716049
359,bobkidd,ensi,10,304,3.257243,327.3684211,-29,42,19,98.82869579,22.67285777,-142,116.9473684,1,1.382716049
360,bobkidd,ensi,11,430,2.492674,327.3684211,183,42,19,98.82869579,22.67285777,394,116.9473684,1,1.382716049
361,bobkidd,ensi,12,429,2.442463,327.3684211,-86,42,19,98.82869579,22.67285777,147,116.9473684,1,1.382716049
362,bobkidd,ensi,13,513,2.358163,327.3684211,-16,42,19,98.82869579,22.67285777,156,116.9473684,1,1.382716049
363,bobkidd,ensi,14,290,2.970993,327.3684211,137,42,19,98.82869579,22.67285777,220,116.9473684,1,1.382716049
364,bobkidd,ensi,15,218,2.977688,327.3684211,189,42,19,98.82869579,22.67285777,140,116.9473684,1,1.382716049
365,bobkidd,ensi,16,227,2.345462,327.3684211,32,42,19,98.82869579,22.67285777,62,116.9473684,1,1.382716049
366,bobkidd,ensi,17,318,2.975751,327.3684211,78,42,19,98.82869579,22.67285777,250,116.9473684,1,1.382716049
367,bobkidd,ensi,18,354,2.927561,327.3684211,176,42,19,98.82869579,22.67285777,132,116.9473684,1,1.382716049
368,bobkidd,ensi,19,340,3.00895,327.3684211,12,42,19,98.82869579,22.67285777,69,116.9473684,1,1.382716049
369,bobkidd,ensi,20,223,3.158317,327.3684211,124,42,19,98.82869579,22.67285777,112,116.9473684,1,1.382716049
370,siloam,ensi,1,310,2.547095,280.1,216,50.1,20,138.5495921,30.98063062,245,25.8,1,0.345679012
371,siloam,ensi,2,305,3.421429,280.1,389,50.1,20,138.5495921,30.98063062,244,25.8,1,0.345679012
372,siloam,ensi,3,193,2.130388,280.1,-20,50.1,20,138.5495921,30.98063062,-203,25.8,1,0.345679012
373,siloam,ensi,4,410,2.465712,280.1,164,50.1,20,138.5495921,30.98063062,142,25.8,1,0.345679012
374,siloam,ensi,5,381,2.588057,280.1,287,50.1,20,138.5495921,30.98063062,307,25.8,1,0.345679012
375,siloam,ensi,6,418,3.17766,280.1,-120,50.1,20,138.5495921,30.98063062,50,25.8,1,0.345679012
376,siloam,ensi,7,204,2.332203,280.1,-52,50.1,20,138.5495921,30.98063062,-134,25.8,1,0.345679012
377,siloam,ensi,8,187,2.18401,280.1,-19,50.1,20,138.5495921,30.98063062,-146,25.8,1,0.345679012
378,siloam,ensi,9,234,3.077696,280.1,40,50.1,20,138.5495921,30.98063062,-45,25.8,1,0.345679012
379,siloam,ensi,10,199,2.961677,280.1,55,50.1,20,138.5495921,30.98063062,111,25.8,1,0.345679012
380,siloam,ensi,11,113,2.757485,280.1,84,50.1,20,138.5495921,30.98063062,-182,25.8,1,0.345679012
381,siloam,ensi,12,285,2.718625,280.1,193,50.1,20,138.5495921,30.98063062,172,25.8,1,0.345679012
382,siloam,ensi,13,369,2.492402,280.1,-115,50.1,20,138.5495921,30.98063062,69,25.8,1,0.345679012
383,siloam,ensi,14,337,2.50154,280.1,-104,50.1,20,138.5495921,30.98063062,-98,25.8,1,0.345679012
384,siloam,ensi,15,141,2.195495,280.1,-67,50.1,20,138.5495921,30.98063062,8,25.8,1,0.345679012
385,siloam,ensi,16,370,2.769907,280.1,2,50.1,20,138.5495921,30.98063062,42,25.8,1,0.345679012
386,siloam,ensi,17,252,2.415642,280.1,0,50.1,20,138.5495921,30.98063062,-46,25.8,1,0.345679012
387,siloam,ensi,18,76,1.917371,280.1,102,50.1,20,138.5495921,30.98063062,-93,25.8,1,0.345679012
388,siloam,ensi,19,341,2.419017,280.1,-43,50.1,20,138.5495921,30.98063062,-41,25.8,1,0.345679012
389,siloam,ensi,20,477,2.803281,280.1,10,50.1,20,138.5495921,30.98063062,114,25.8,1,0.345679012
390,prairiegrove,ensi,1,398,2.420978,278.5789474,38,41.42105263,19,80.88353478,18.55595549,75,-6.263157895,1,0.592592593
391,prairiegrove,ensi,2,306,2.811272,278.5789474,-6,41.42105263,19,80.88353478,18.55595549,-28,-6.263157895,1,0.592592593
392,prairiegrove,ensi,3,154,1.837061,278.5789474,-67,41.42105263,19,80.88353478,18.55595549,-141,-6.263157895,1,0.592592593
393,prairiegrove,ensi,4,164,2.878855,278.5789474,-19,41.42105263,19,80.88353478,18.55595549,-51,-6.263157895,1,0.592592593
394,prairiegrove,ensi,5,151,2.96826,278.5789474,105,41.42105263,19,80.88353478,18.55595549,-45,-6.263157895,1,0.592592593
395,prairiegrove,ensi,6,220,2.895606,278.5789474,26,41.42105263,19,80.88353478,18.55595549,-56,-6.263157895,1,0.592592593
396,prairiegrove,ensi,7,216,2.064053,278.5789474,50,41.42105263,19,80.88353478,18.55595549,-191,-6.263157895,1,0.592592593
397,prairiegrove,ensi,8,362,1.852544,278.5789474,-55,41.42105263,19,80.88353478,18.55595549,-25,-6.263157895,1,0.592592593
398,prairiegrove,ensi,9,384,2.516781,278.5789474,47,41.42105263,19,80.88353478,18.55595549,59,-6.263157895,1,0.592592593
399,prairiegrove,ensi,10,354,2.593612,278.5789474,130,41.42105263,19,80.88353478,18.55595549,229,-6.263157895,1,0.592592593
400,prairiegrove,ensi,11,333,2.340859,278.5789474,131,41.42105263,19,80.88353478,18.55595549,-16,-6.263157895,1,0.592592593
401,prairiegrove,ensi,12,289,2.964486,278.5789474,-46,41.42105263,19,80.88353478,18.55595549,-82,-6.263157895,1,0.592592593
402,prairiegrove,ensi,13,209,3.0436,278.5789474,38,41.42105263,19,80.88353478,18.55595549,74,-6.263157895,1,0.592592593
403,prairiegrove,ensi,14,232,3.0761,278.5789474,136,41.42105263,19,80.88353478,18.55595549,3,-6.263157895,1,0.592592593
404,prairiegrove,ensi,15,247,1.864827,278.5789474,-68,41.42105263,19,80.88353478,18.55595549,-186,-6.263157895,1,0.592592593
405,prairiegrove,ensi,17,262,2.3933,278.5789474,-15,41.42105263,19,80.88353478,18.55595549,-51,-6.263157895,1,0.592592593
406,prairiegrove,ensi,18,404,2.600464,278.5789474,91,41.42105263,19,80.88353478,18.55595549,120,-6.263157895,1,0.592592593
407,prairiegrove,ensi,19,336,1.74503,278.5789474,232,41.42105263,19,80.88353478,18.55595549,173,-6.263157895,1,0.592592593
408,prairiegrove,ensi,20,272,2.504286,278.5789474,39,41.42105263,19,80.88353478,18.55595549,20,-6.263157895,1,0.592592593
